{
    "name": "root",
    "gauges": {
        "MyBehavior.Policy.Entropy.mean": {
            "value": -0.087559774518013,
            "min": -0.14588892459869385,
            "max": 1.2128281593322754,
            "count": 37
        },
        "MyBehavior.Policy.Entropy.sum": {
            "value": -895.2987060546875,
            "min": -1444.30029296875,
            "max": 13037.90234375,
            "count": 37
        },
        "MyBehavior.Environment.EpisodeLength.mean": {
            "value": 449.0,
            "min": 127.28125,
            "max": 449.0,
            "count": 37
        },
        "MyBehavior.Environment.EpisodeLength.sum": {
            "value": 8980.0,
            "min": 5580.0,
            "max": 13356.0,
            "count": 37
        },
        "MyBehavior.Step.mean": {
            "value": 369975.0,
            "min": 9969.0,
            "max": 369975.0,
            "count": 37
        },
        "MyBehavior.Step.sum": {
            "value": 369975.0,
            "min": 9969.0,
            "max": 369975.0,
            "count": 37
        },
        "MyBehavior.Policy.ExtrinsicValue.mean": {
            "value": 12.417153358459473,
            "min": 0.3580208420753479,
            "max": 13.616421699523926,
            "count": 37
        },
        "MyBehavior.Policy.ExtrinsicValue.sum": {
            "value": 2185.4189453125,
            "min": 62.29562759399414,
            "max": 2412.9560546875,
            "count": 37
        },
        "MyBehavior.Environment.CumulativeReward.mean": {
            "value": -3.0,
            "min": -12.297297297297296,
            "max": 62.291666666666664,
            "count": 37
        },
        "MyBehavior.Environment.CumulativeReward.sum": {
            "value": -60.0,
            "min": -455.0,
            "max": 3840.0,
            "count": 37
        },
        "MyBehavior.Policy.ExtrinsicReward.mean": {
            "value": -3.0,
            "min": -12.297297297297296,
            "max": 62.291666666666664,
            "count": 37
        },
        "MyBehavior.Policy.ExtrinsicReward.sum": {
            "value": -60.0,
            "min": -455.0,
            "max": 3840.0,
            "count": 37
        },
        "MyBehavior.Losses.PolicyLoss.mean": {
            "value": -12.435126993954157,
            "min": -13.560563693566607,
            "max": -0.4347627773732587,
            "count": 37
        },
        "MyBehavior.Losses.PolicyLoss.sum": {
            "value": -12459.997247942065,
            "min": -13560.563693566606,
            "max": -433.02372626376564,
            "count": 37
        },
        "MyBehavior.Losses.ValueLoss.mean": {
            "value": 0.018632315410533423,
            "min": 0.008446351091745945,
            "max": 0.0461520535821138,
            "count": 37
        },
        "MyBehavior.Losses.ValueLoss.sum": {
            "value": 18.66958004135449,
            "min": 8.463243793929438,
            "max": 46.33666179644226,
            "count": 37
        },
        "MyBehavior.Losses.Q1Loss.mean": {
            "value": 0.9158142096708042,
            "min": 0.48611851614485563,
            "max": 2.252670366503645,
            "count": 37
        },
        "MyBehavior.Losses.Q1Loss.sum": {
            "value": 917.6458380901458,
            "min": 484.1740420802762,
            "max": 2257.175707236652,
            "count": 37
        },
        "MyBehavior.Losses.Q2Loss.mean": {
            "value": 0.9145523652220217,
            "min": 0.5095665113192797,
            "max": 2.241158267799938,
            "count": 37
        },
        "MyBehavior.Losses.Q2Loss.sum": {
            "value": 916.3814699524657,
            "min": 507.52824527400253,
            "max": 2245.6405843355383,
            "count": 37
        },
        "MyBehavior.Policy.ContinuousEntropyCoeff.mean": {
            "value": 0.004693051759485385,
            "min": 0.004693051759485385,
            "max": 0.04347358713730463,
            "count": 37
        },
        "MyBehavior.Policy.ContinuousEntropyCoeff.sum": {
            "value": 4.702437863004356,
            "min": 4.702437863004356,
            "max": 43.29969278875541,
            "count": 37
        },
        "MyBehavior.Policy.LearningRate.mean": {
            "value": 0.0003,
            "min": 0.0002999999999999999,
            "max": 0.00030000000000000003,
            "count": 37
        },
        "MyBehavior.Policy.LearningRate.sum": {
            "value": 0.3006,
            "min": 0.29669999999999996,
            "max": 0.3033,
            "count": 37
        },
        "MyBehavior.IsTraining.mean": {
            "value": 1.0,
            "min": 1.0,
            "max": 1.0,
            "count": 37
        },
        "MyBehavior.IsTraining.sum": {
            "value": 1.0,
            "min": 1.0,
            "max": 1.0,
            "count": 37
        }
    },
    "metadata": {
        "timer_format_version": "0.1.0",
        "start_time_seconds": "1736358988",
        "python_version": "3.10.12 (main, Jul  5 2023, 15:34:07) [Clang 14.0.6 ]",
        "command_line_arguments": "/Users/luis/opt/anaconda3/envs/mlagents/bin/mlagents-learn config/herbivore_sac_training.yaml --run-id=OnlyHerbivoreSAC",
        "mlagents_version": "1.1.0",
        "mlagents_envs_version": "1.1.0",
        "communication_protocol_version": "1.5.0",
        "pytorch_version": "2.2.2",
        "numpy_version": "1.23.5",
        "end_time_seconds": "1736360690"
    },
    "total": 1701.5457154170144,
    "count": 1,
    "self": 0.006607084069401026,
    "children": {
        "run_training.setup": {
            "total": 0.031117666978389025,
            "count": 1,
            "self": 0.031117666978389025
        },
        "TrainerController.start_learning": {
            "total": 1701.5079906659666,
            "count": 1,
            "self": 0.38849210762418807,
            "children": {
                "TrainerController._reset_env": {
                    "total": 11.733454416971654,
                    "count": 1,
                    "self": 11.733454416971654
                },
                "TrainerController.advance": {
                    "total": 1689.0925937663997,
                    "count": 16134,
                    "self": 0.3452655751025304,
                    "children": {
                        "env_step": {
                            "total": 581.9019233945291,
                            "count": 16134,
                            "self": 566.5281051773345,
                            "children": {
                                "SubprocessEnvManager._take_step": {
                                    "total": 15.14332827751059,
                                    "count": 16134,
                                    "self": 1.1927709876326844,
                                    "children": {
                                        "TorchPolicy.evaluate": {
                                            "total": 13.950557289877906,
                                            "count": 15051,
                                            "self": 13.950557289877906
                                        }
                                    }
                                },
                                "workers": {
                                    "total": 0.2304899396840483,
                                    "count": 16133,
                                    "self": 0.0,
                                    "children": {
                                        "worker_root": {
                                            "total": 1681.6872529255925,
                                            "count": 16133,
                                            "is_parallel": true,
                                            "self": 1151.098338795593,