{
    "name": "root",
    "gauges": {
        "CarnivoreBehavior.Policy.Entropy.mean": {
            "value": 1.4505729675292969,
            "min": 1.4189382791519165,
            "max": 1.4552783966064453,
            "count": 50
        },
        "CarnivoreBehavior.Policy.Entropy.sum": {
            "value": 15596.560546875,
            "min": 481.4407043457031,
            "max": 30512.849609375,
            "count": 50
        },
        "CarnivoreBehavior.Environment.EpisodeLength.mean": {
            "value": 90.56976744186046,
            "min": 28.68354430379747,
            "max": 308.4318181818182,
            "count": 50
        },
        "CarnivoreBehavior.Environment.EpisodeLength.sum": {
            "value": 7789.0,
            "min": 145.0,
            "max": 67855.0,
            "count": 50
        },
        "CarnivoreBehavior.Step.mean": {
            "value": 499986.0,
            "min": 9961.0,
            "max": 499986.0,
            "count": 50
        },
        "CarnivoreBehavior.Step.sum": {
            "value": 499986.0,
            "min": 9961.0,
            "max": 499986.0,
            "count": 50
        },
        "CarnivoreBehavior.Policy.ExtrinsicValueEstimate.mean": {
            "value": 16.487119674682617,
            "min": -0.8898789286613464,
            "max": 17.64108657836914,
            "count": 50
        },
        "CarnivoreBehavior.Policy.ExtrinsicValueEstimate.sum": {
            "value": 3297.423828125,
            "min": -166.40736389160156,
            "max": 3951.603271484375,
            "count": 50
        },
        "CarnivoreBehavior.Environment.CumulativeReward.mean": {
            "value": 38.392857142857146,
            "min": -15.0,
            "max": 38.392857142857146,
            "count": 50
        },
        "CarnivoreBehavior.Environment.CumulativeReward.sum": {
            "value": 3225.0,
            "min": -1760.0,
            "max": 4135.0,
            "count": 50
        },
        "CarnivoreBehavior.Policy.ExtrinsicReward.mean": {
            "value": 38.392857142857146,
            "min": -15.0,
            "max": 38.392857142857146,
            "count": 50
        },
        "CarnivoreBehavior.Policy.ExtrinsicReward.sum": {
            "value": 3225.0,
            "min": -1760.0,
            "max": 4135.0,
            "count": 50
        },
        "CarnivoreBehavior.IsTraining.mean": {
            "value": 1.0,
            "min": 1.0,
            "max": 1.0,
            "count": 50
        },
        "CarnivoreBehavior.IsTraining.sum": {
            "value": 1.0,
            "min": 1.0,
            "max": 1.0,
            "count": 50
        },
        "MyBehavior.Policy.Entropy.mean": {
            "value": 1.4141374826431274,
            "min": 1.4140989780426025,
            "max": 1.430808186531067,
            "count": 45
        },
        "MyBehavior.Policy.Entropy.sum": {
            "value": 14729.65625,
            "min": 4802.08984375,
            "max": 30746.791015625,
            "count": 45
        },
        "MyBehavior.Environment.EpisodeLength.mean": {
            "value": 100.5,
            "min": 7.851851851851852,
            "max": 403.53521126760563,
            "count": 45
        },
        "MyBehavior.Environment.EpisodeLength.sum": {
            "value": 7437.0,
            "min": 212.0,
            "max": 85953.0,
            "count": 45
        },
        "MyBehavior.Step.mean": {
            "value": 499962.0,
            "min": 9967.0,
            "max": 499962.0,
            "count": 50
        },
        "MyBehavior.Step.sum": {
            "value": 499962.0,
            "min": 9967.0,
            "max": 499962.0,
            "count": 50
        },
        "MyBehavior.Policy.ExtrinsicValueEstimate.mean": {
            "value": 15.950238227844238,
            "min": 0.5872352123260498,
            "max": 16.336467742919922,
            "count": 50
        },
        "MyBehavior.Policy.ExtrinsicValueEstimate.sum": {
            "value": 3094.34619140625,
            "min": 91.60869598388672,
            "max": 3365.3125,
            "count": 50
        },
        "MyBehavior.Environment.CumulativeReward.mean": {
            "value": 34.21052631578947,
            "min": -8.333333333333334,
            "max": 48.69047619047619,
            "count": 45
        },
        "MyBehavior.Environment.CumulativeReward.sum": {
            "value": 2600.0,
            "min": -205.0,
            "max": 4320.0,
            "count": 45
        },
        "MyBehavior.Policy.ExtrinsicReward.mean": {
            "value": 34.21052631578947,
            "min": -8.333333333333334,
            "max": 48.69047619047619,
            "count": 45
        },
        "MyBehavior.Policy.ExtrinsicReward.sum": {
            "value": 2600.0,
            "min": -205.0,
            "max": 4320.0,
            "count": 45
        },
        "MyBehavior.IsTraining.mean": {
            "value": 1.0,
            "min": 1.0,
            "max": 1.0,
            "count": 50
        },
        "MyBehavior.IsTraining.sum": {
            "value": 1.0,
            "min": 1.0,
            "max": 1.0,
            "count": 50
        },
        "CarnivoreBehavior.Losses.PolicyLoss.mean": {
            "value": 0.01834264088999286,
            "min": 0.017124902146557968,
            "max": 0.03142423207949226,
            "count": 45
        },
        "CarnivoreBehavior.Losses.PolicyLoss.sum": {
            "value": 0.01834264088999286,
            "min": 0.017124902146557968,
            "max": 0.03142423207949226,
            "count": 45
        },
        "CarnivoreBehavior.Losses.ValueLoss.mean": {
            "value": 48.75675392150879,
            "min": 4.239576148986816,
            "max": 108.55003280639649,
            "count": 45
        },
        "CarnivoreBehavior.Losses.ValueLoss.sum": {
            "value": 48.75675392150879,
            "min": 4.239576148986816,
            "max": 108.55003280639649,
            "count": 45
        },
        "CarnivoreBehavior.Policy.LearningRate.mean": {
            "value": 6.360998728000252e-07,
            "min": 6.360998728000252e-07,
            "max": 0.0004806310038737998,
            "count": 45
        },
        "CarnivoreBehavior.Policy.LearningRate.sum": {
            "value": 6.360998728000252e-07,
            "min": 6.360998728000252e-07,
            "max": 0.0004806310038737998,
            "count": 45
        },
        "CarnivoreBehavior.Policy.Epsilon.mean": {
            "value": 0.10012720000000004,
            "min": 0.10012720000000004,
            "max": 0.1961262,
            "count": 45
        },
        "CarnivoreBehavior.Policy.Epsilon.sum": {
            "value": 0.10012720000000004,
            "min": 0.10012720000000004,
            "max": 0.1961262,
            "count": 45
        },
        "CarnivoreBehavior.Policy.Beta.mean": {
            "value": 2.2707280000000502e-05,
            "min": 2.2707280000000502e-05,
            "max": 0.009613007379999998,
            "count": 45
        },
        "CarnivoreBehavior.Policy.Beta.sum": {
            "value": 2.2707280000000502e-05,
            "min": 2.2707280000000502e-05,
            "max": 0.009613007379999998,
            "count": 45
        },
        "MyBehavior.Losses.PolicyLoss.mean": {
            "value": 0.027206969898785852,
            "min": 0.018194743448274646,
            "max": 0.02905683313535216,
            "count": 40
        },
        "MyBehavior.Losses.PolicyLoss.sum": {
            "value": 0.027206969898785852,
            "min": 0.018194743448274646,
            "max": 0.02905683313535216,
            "count": 40
        },
        "MyBehavior.Losses.ValueLoss.mean": {
            "value": 145.69818776448568,
            "min": 5.267080084482829,
            "max": 147.25130208333334,
            "count": 40
        },
        "MyBehavior.Losses.ValueLoss.sum": {
            "value": 145.69818776448568,