{
    "name": "root",
    "metadata": {
        "timer_format_version": "0.1.0",
        "start_time_seconds": "1736097938",
        "python_version": "3.10.12 (main, Jul  5 2023, 15:34:07) [Clang 14.0.6 ]",
        "command_line_arguments": "/Users/luis/opt/anaconda3/envs/mlagents/bin/mlagents-learn --run-id=bigrun1",
        "mlagents_version": "1.1.0",
        "mlagents_envs_version": "1.1.0",
        "communication_protocol_version": "1.5.0",
        "pytorch_version": "2.2.2",
        "numpy_version": "1.23.5",
        "end_time_seconds": "1736097994"
    },
    "total": 56.721235499950126,
    "count": 1,
    "self": 0.007111791986972094,
    "children": {
        "run_training.setup": {
            "total": 0.03313812497071922,
            "count": 1,
            "self": 0.03313812497071922
        },
        "TrainerController.start_learning": {
            "total": 56.680985582992435,
            "count": 1,
            "self": 0.03028759825974703,
            "children": {
                "TrainerController._reset_env": {
                    "total": 9.405818375060335,
                    "count": 1,
                    "self": 9.405818375060335
                },
                "TrainerController.advance": {
                    "total": 46.99088131764438,
                    "count": 2005,
                    "self": 0.028435142245143652,
                    "children": {
                        "env_step": {
                            "total": 39.55249776947312,
                            "count": 2005,
                            "self": 36.720397524302825,
                            "children": {
                                "SubprocessEnvManager._take_step": {
                                    "total": 2.810304675367661,
                                    "count": 2005,
                                    "self": 0.09800961834844202,
                                    "children": {
                                        "TorchPolicy.evaluate": {
                                            "total": 2.712295057019219,
                                            "count": 2004,
                                            "self": 2.712295057019219
                                        }
                                    }
                                },
                                "workers": {
                                    "total": 0.021795569802634418,
                                    "count": 2004,
                                    "self": 0.0,
                                    "children": {
                                        "worker_root": {
                                            "total": 42.132025823695585,
                                            "count": 2004,
                                            "is_parallel": true,
                                            "self": 13.765136982663535,
                                            "children": {
                                                "steps_from_proto": {
                                                    "total": 0.00970675004646182,
                                                    "count": 1,
                                                    "is_parallel": true,
                                                    "self": 0.002976501127704978,
                                                    "children": {
                                                        "_process_rank_one_or_two_observation": {
                                                            "total": 0.006730248918756843,
                                                            "count": 2,
                                                            "is_parallel": true,
                                                            "self": 0.006730248918756843
                                                        }
                                                    }
                                                },
                                                "UnityEnvironment.step": {
                                                    "total": 28.35718209098559,
                                                    "count": 2004,
                                                    "is_parallel": true,
                                                    "self": 0.13896526803728193,
                                                    "children": {
                                                        "UnityEnvironment._generate_step_input": {
                                                            "total": 1.7298863849136978,
                                                            "count": 2004,
                                                            "is_parallel": true,
                                                            "self": 1.7298863849136978
                                                        },
                                                        "communicator.exchange": {
                                                            "total": 25.79722183861304,
                                                            "count": 2004,
                                                            "is_parallel": true,
                                                            "self": 25.79722183861304
                                                        },
                                                        "steps_from_proto": {
                                                            "total": 0.6911085994215682,
                                                            "count": 2004,
                                                            "is_parallel": true,
                                                            "self": 0.3395504967775196,
                                                            "children": {
                                                                "_process_rank_one_or_two_observation": {
                                                                    "total": 0.35155810264404863,
                                                                    "count": 4008,
                                                                    "is_parallel": true,
                                                                    "self": 0.35155810264404863
                                                                }
                                                            }
                                                        }
                                                    }
                                                }
                                            }
                                        }
                                    }
                                }
                            }
                        },
                        "trainer_advance": {
                            "total": 7.409948405926116,
                            "count": 2004,
                            "self": 0.034274888690561056,
                            "children": {
                                "process_trajectory": {
                                    "total": 1.7801100172800943,
                                    "count": 2004,
                                    "self": 1.7801100172800943
                                },
                                "_update_policy": {
                                    "total": 5.59556349995546,
                                    "count": 4,
                                    "self": 3.8784297027159482,
                                    "children": {
                                        "TorchPPOOptimizer.update": {
                                            "total": 1.7171337972395122,
                                            "count": 120,