{
    "name": "root",
    "gauges": {
        "MyBehavior.Policy.Entropy.mean": {
            "value": 1.4318737983703613,
            "min": 1.4260914325714111,
            "max": 1.4318737983703613,
            "count": 2
        },
        "MyBehavior.Policy.Entropy.sum": {
            "value": 71020.9375,
            "min": 71020.9375,
            "max": 73015.8828125,
            "count": 2
        },
        "MyBehavior.Environment.EpisodeLength.mean": {
            "value": 1107.1666666666667,
            "min": 242.44444444444446,
            "max": 1107.1666666666667,
            "count": 2
        },
        "MyBehavior.Environment.EpisodeLength.sum": {
            "value": 6643.0,
            "min": 2182.0,
            "max": 6643.0,
            "count": 2
        },
        "MyBehavior.Step.mean": {
            "value": 99976.0,
            "min": 49999.0,
            "max": 99976.0,
            "count": 2
        },
        "MyBehavior.Step.sum": {
            "value": 99976.0,
            "min": 49999.0,
            "max": 99976.0,
            "count": 2
        },
        "MyBehavior.Policy.ExtrinsicValueEstimate.mean": {
            "value": 0.4797464609146118,
            "min": -0.4305925965309143,
            "max": 0.4797464609146118,
            "count": 2
        },
        "MyBehavior.Policy.ExtrinsicValueEstimate.sum": {
            "value": 376.1212158203125,
            "min": -339.3069763183594,
            "max": 376.1212158203125,
            "count": 2
        },
        "MyBehavior.Environment.CumulativeReward.mean": {
            "value": -83.33333333333333,
            "min": -83.33333333333333,
            "max": -8.333333333333334,
            "count": 2
        },
        "MyBehavior.Environment.CumulativeReward.sum": {
            "value": -500.0,
            "min": -500.0,
            "max": -75.0,
            "count": 2
        },
        "MyBehavior.Policy.ExtrinsicReward.mean": {
            "value": -83.33333333333333,
            "min": -83.33333333333333,
            "max": -8.333333333333334,
            "count": 2
        },
        "MyBehavior.Policy.ExtrinsicReward.sum": {
            "value": -500.0,
            "min": -500.0,
            "max": -75.0,
            "count": 2
        },
        "MyBehavior.Losses.PolicyLoss.mean": {
            "value": 0.023486488961498252,
            "min": 0.022599188354479337,
            "max": 0.023486488961498252,
            "count": 2
        },
        "MyBehavior.Losses.PolicyLoss.sum": {
            "value": 0.09394595584599301,
            "min": 0.09039675341791735,
            "max": 0.09394595584599301,
            "count": 2
        },
        "MyBehavior.Losses.ValueLoss.mean": {
            "value": 0.2503467557330926,
            "min": 0.2503467557330926,
            "max": 1.7260935559868813,
            "count": 2
        },
        "MyBehavior.Losses.ValueLoss.sum": {
            "value": 1.0013870229323705,
            "min": 1.0013870229323705,
            "max": 6.904374223947525,
            "count": 2
        },
        "MyBehavior.Policy.LearningRate.mean": {
            "value": 0.00025651921449359994,
            "min": 0.00025651921449359994,
            "max": 0.00028337385554205,
            "count": 2
        },
        "MyBehavior.Policy.LearningRate.sum": {
            "value": 0.0010260768579743998,
            "min": 0.0010260768579743998,
            "max": 0.0011334954221682,
            "count": 2
        },
        "MyBehavior.Policy.Epsilon.mean": {
            "value": 0.18550640000000002,
            "min": 0.18550640000000002,
            "max": 0.19445795,
            "count": 2
        },
        "MyBehavior.Policy.Epsilon.sum": {
            "value": 0.7420256000000001,
            "min": 0.7420256000000001,
            "max": 0.7778318,
            "count": 2
        },
        "MyBehavior.Policy.Beta.mean": {
            "value": 0.00427676936,
            "min": 0.00427676936,
            "max": 0.004723451705,
            "count": 2
        },
        "MyBehavior.Policy.Beta.sum": {
            "value": 0.01710707744,
            "min": 0.01710707744,
            "max": 0.01889380682,
            "count": 2
        },
        "MyBehavior.IsTraining.mean": {
            "value": 1.0,
            "min": 1.0,
            "max": 1.0,
            "count": 2
        },
        "MyBehavior.IsTraining.sum": {
            "value": 1.0,
            "min": 1.0,
            "max": 1.0,
            "count": 2
        }
    },
    "metadata": {
        "timer_format_version": "0.1.0",
        "start_time_seconds": "1736096149",
        "python_version": "3.10.12 (main, Jul  5 2023, 15:34:07) [Clang 14.0.6 ]",
        "command_line_arguments": "/Users/luis/opt/anaconda3/envs/mlagents/bin/mlagents-learn --run-id=3drun3",
        "mlagents_version": "1.1.0",
        "mlagents_envs_version": "1.1.0",
        "communication_protocol_version": "1.5.0",
        "pytorch_version": "2.2.2",
        "numpy_version": "1.23.5",
        "end_time_seconds": "1736096318"
    },
    "total": 169.30477129190695,
    "count": 1,
    "self": 0.012681582942605019,
    "children": {
        "run_training.setup": {
            "total": 0.03743712499272078,
            "count": 1,
            "self": 0.03743712499272078
        },
        "TrainerController.start_learning": {
            "total": 169.25465258397162,
            "count": 1,
            "self": 0.0666966054122895,
            "children": {
                "TrainerController._reset_env": {
                    "total": 11.752578292042017,
                    "count": 1,
                    "self": 11.752578292042017
                },
                "TrainerController.advance": {
                    "total": 157.064604144427,
                    "count": 4047,
                    "self": 0.059201161726377904,
                    "children": {
                        "env_step": {
                            "total": 139.45061230659485,
                            "count": 4047,
                            "self": 133.64226167008746,
                            "children": {
                                "SubprocessEnvManager._take_step": {
                                    "total": 5.76176673732698,
                                    "count": 4047,
                                    "self": 0.5196880442090333,
                                    "children": {
                                        "TorchPolicy.evaluate": {
                                            "total": 5.242078693117946,
                                            "count": 4034,
                                            "self": 5.242078693117946
                                        }
                                    }
                                },
                                "workers": {
                                    "total": 0.04658389918040484,
                                    "count": 4046,
                                    "self": 0.0,
                                    "children": {
                                        "worker_root": {
                                            "total": 89.84601312701125,
                                            "count": 4046,
                                            "is_parallel": true,
                                            "self": 29.485723676509224,
                                            "children": {
                                                "steps_from_proto": {
                                                    "total": 0.01041629200335592,
                                                    "count": 1,
                                                    "is_parallel": true,
                                                    "self": 0.00420300115365535,