{
    "name": "root",
    "gauges": {
        "MyBehavior.Policy.Entropy.mean": {
            "value": 1.424172282218933,
            "min": 1.424172282218933,
            "max": 1.4303237199783325,
            "count": 4
        },
        "MyBehavior.Policy.Entropy.sum": {
            "value": 71066.1953125,
            "min": 71066.1953125,
            "max": 72365.1875,
            "count": 4
        },
        "MyBehavior.Environment.EpisodeLength.mean": {
            "value": 41.50121065375303,
            "min": 41.50121065375303,
            "max": 277.8488372093023,
            "count": 4
        },
        "MyBehavior.Environment.EpisodeLength.sum": {
            "value": 51420.0,
            "min": 45798.0,
            "max": 52742.0,
            "count": 4
        },
        "MyBehavior.Step.mean": {
            "value": 199980.0,
            "min": 49938.0,
            "max": 199980.0,
            "count": 4
        },
        "MyBehavior.Step.sum": {
            "value": 199980.0,
            "min": 49938.0,
            "max": 199980.0,
            "count": 4
        },
        "MyBehavior.Policy.ExtrinsicValueEstimate.mean": {
            "value": 1.2669241428375244,
            "min": 0.34413212537765503,
            "max": 1.2669241428375244,
            "count": 4
        },
        "MyBehavior.Policy.ExtrinsicValueEstimate.sum": {
            "value": 1785.09619140625,
            "min": 302.14801025390625,
            "max": 1785.09619140625,
            "count": 4
        },
        "MyBehavior.Environment.CumulativeReward.mean": {
            "value": 1.9830371567043619,
            "min": -0.6280487804878049,
            "max": 1.9830371567043619,
            "count": 4
        },
        "MyBehavior.Environment.CumulativeReward.sum": {
            "value": 2455.0,
            "min": -309.0,
            "max": 2455.0,
            "count": 4
        },
        "MyBehavior.Policy.ExtrinsicReward.mean": {
            "value": 1.9830371567043619,
            "min": -0.6280487804878049,
            "max": 1.9830371567043619,
            "count": 4
        },
        "MyBehavior.Policy.ExtrinsicReward.sum": {
            "value": 2455.0,
            "min": -309.0,
            "max": 2455.0,
            "count": 4
        },
        "MyBehavior.Losses.PolicyLoss.mean": {
            "value": 0.025271311850083293,
            "min": 0.022574040455219803,
            "max": 0.02548239200298364,
            "count": 4
        },
        "MyBehavior.Losses.PolicyLoss.sum": {
            "value": 0.12635655925041647,
            "min": 0.09029616182087921,
            "max": 0.1274119600149182,
            "count": 4
        },
        "MyBehavior.Losses.ValueLoss.mean": {
            "value": 0.08036350826422374,
            "min": 0.044020204432308675,
            "max": 0.32841229674716793,
            "count": 4
        },
        "MyBehavior.Losses.ValueLoss.sum": {
            "value": 0.4018175413211187,
            "min": 0.22010102216154337,
            "max": 1.3136491869886717,
            "count": 4
        },
        "MyBehavior.Policy.LearningRate.mean": {
            "value": 0.00019519107493632,
            "min": 0.00019519107493632,
            "max": 0.0002846046051317999,
            "count": 4
        },
        "MyBehavior.Policy.LearningRate.sum": {
            "value": 0.0009759553746816,
            "min": 0.0009759553746816,
            "max": 0.0012843414718862,
            "count": 4
        },
        "MyBehavior.Policy.Epsilon.mean": {
            "value": 0.16506368,
            "min": 0.16506368,
            "max": 0.1948682,
            "count": 4
        },
        "MyBehavior.Policy.Epsilon.sum": {
            "value": 0.8253184,
            "min": 0.7794728,
            "max": 0.9281138000000002,
            "count": 4
        },
        "MyBehavior.Policy.Beta.mean": {
            "value": 0.0032566776320000004,
            "min": 0.0032566776320000004,
            "max": 0.004743923180000001,
            "count": 4
        },
        "MyBehavior.Policy.Beta.sum": {
            "value": 0.016283388160000002,
            "min": 0.016283388160000002,
            "max": 0.02141287862,
            "count": 4
        },
        "MyBehavior.IsTraining.mean": {
            "value": 1.0,
            "min": 1.0,
            "max": 1.0,
            "count": 4
        },
        "MyBehavior.IsTraining.sum": {
            "value": 1.0,
            "min": 1.0,
            "max": 1.0,
            "count": 4
        }
    },
    "metadata": {
        "timer_format_version": "0.1.0",
        "start_time_seconds": "1736100772",
        "python_version": "3.10.12 (main, Jul  5 2023, 15:34:07) [Clang 14.0.6 ]",
        "command_line_arguments": "/Users/luis/opt/anaconda3/envs/mlagents/bin/mlagents-learn --run-id=bigrun2",
        "mlagents_version": "1.1.0",
        "mlagents_envs_version": "1.1.0",
        "communication_protocol_version": "1.5.0",
        "pytorch_version": "2.2.2",
        "numpy_version": "1.23.5",
        "end_time_seconds": "1736101020"
    },
    "total": 248.52971395791974,
    "count": 1,
    "self": 0.006963082938455045,
    "children": {
        "run_training.setup": {
            "total": 0.03241191594861448,
            "count": 1,
            "self": 0.03241191594861448
        },
        "TrainerController.start_learning": {
            "total": 248.49033895903267,
            "count": 1,
            "self": 0.20516627316828817,
            "children": {
                "TrainerController._reset_env": {
                    "total": 12.665151749970391,
                    "count": 1,
                    "self": 12.665151749970391
                },
                "TrainerController.advance": {
                    "total": 235.31376651872415,
                    "count": 11462,
                    "self": 0.1795782932313159,
                    "children": {
                        "env_step": {
                            "total": 186.01588146644644,
                            "count": 11462,
                            "self": 172.7623483388452,
                            "children": {
                                "SubprocessEnvManager._take_step": {
                                    "total": 13.11665131826885,
                                    "count": 11462,
                                    "self": 0.4970679208636284,
                                    "children": {
                                        "TorchPolicy.evaluate": {
                                            "total": 12.619583397405222,
                                            "count": 9114,
                                            "self": 12.619583397405222
                                        }
                                    }
                                },
                                "workers": {
                                    "total": 0.136881809332408,
                                    "count": 11461,
                                    "self": 0.0,
                                    "children": {
                                        "worker_root": {
                                            "total": 234.31601802445948,
                                            "count": 11461,
                                            "is_parallel": true,
                                            "self": 78.0460846342612,
                                            "children": {
                                                "steps_from_proto": {
                                                    "total": 0.013168041943572462,
                                                    "count": 1,
                                                    "is_parallel": true,
                                                    "self": 0.002802083967253566,