{
    "name": "root",
    "metadata": {
        "timer_format_version": "0.1.0",
        "start_time_seconds": "1736096973",
        "python_version": "3.10.12 (main, Jul  5 2023, 15:34:07) [Clang 14.0.6 ]",
        "command_line_arguments": "/Users/luis/opt/anaconda3/envs/mlagents/bin/mlagents-learn --run-id=3drun4",
        "mlagents_version": "1.1.0",
        "mlagents_envs_version": "1.1.0",
        "communication_protocol_version": "1.5.0",
        "pytorch_version": "2.2.2",
        "numpy_version": "1.23.5",
        "end_time_seconds": "1736097028"
    },
    "total": 55.20298295794055,
    "count": 1,
    "self": 0.0064247079426422715,
    "children": {
        "run_training.setup": {
            "total": 0.03313870797865093,
            "count": 1,
            "self": 0.03313870797865093
        },
        "TrainerController.start_learning": {
            "total": 55.163419542019255,
            "count": 1,
            "self": 0.027083344873972237,
            "children": {
                "TrainerController._reset_env": {
                    "total": 14.209524750011042,
                    "count": 1,
                    "self": 14.209524750011042
                },
                "TrainerController.advance": {
                    "total": 40.72884532203898,
                    "count": 1739,
                    "self": 0.02474550437182188,
                    "children": {
                        "env_step": {
                            "total": 35.07157363265287,
                            "count": 1739,
                            "self": 32.28756577183958,
                            "children": {
                                "SubprocessEnvManager._take_step": {
                                    "total": 2.7660560230724514,
                                    "count": 1739,
                                    "self": 0.07935011549852788,
                                    "children": {
                                        "TorchPolicy.evaluate": {
                                            "total": 2.6867059075739235,
                                            "count": 1734,
                                            "self": 2.6867059075739235
                                        }
                                    }
                                },
                                "workers": {
                                    "total": 0.017951837740838528,
                                    "count": 1738,
                                    "self": 0.0,
                                    "children": {
                                        "worker_root": {
                                            "total": 37.60958396829665,
                                            "count": 1738,
                                            "is_parallel": true,
                                            "self": 12.631124458275735,
                                            "children": {
                                                "steps_from_proto": {
                                                    "total": 0.03534908301662654,
                                                    "count": 1,
                                                    "is_parallel": true,
                                                    "self": 0.009213207988068461,
                                                    "children": {
                                                        "_process_rank_one_or_two_observation": {
                                                            "total": 0.026135875028558075,
                                                            "count": 2,
                                                            "is_parallel": true,
                                                            "self": 0.026135875028558075
                                                        }
                                                    }
                                                },
                                                "UnityEnvironment.step": {
                                                    "total": 24.943110427004285,
                                                    "count": 1738,
                                                    "is_parallel": true,
                                                    "self": 0.11950644594617188,
                                                    "children": {
                                                        "UnityEnvironment._generate_step_input": {
                                                            "total": 1.4553991126595065,
                                                            "count": 1738,
                                                            "is_parallel": true,
                                                            "self": 1.4553991126595065
                                                        },
                                                        "communicator.exchange": {
                                                            "total": 22.783651347854175,
                                                            "count": 1738,
                                                            "is_parallel": true,
                                                            "self": 22.783651347854175
                                                        },
                                                        "steps_from_proto": {
                                                            "total": 0.5845535205444321,
                                                            "count": 1738,
                                                            "is_parallel": true,
                                                            "self": 0.29563980898819864,
                                                            "children": {
                                                                "_process_rank_one_or_two_observation": {
                                                                    "total": 0.28891371155623347,
                                                                    "count": 3476,
                                                                    "is_parallel": true,
                                                                    "self": 0.28891371155623347
                                                                }
                                                            }
                                                        }
                                                    }
                                                }
                                            }
                                        }
                                    }
                                }
                            }
                        },
                        "trainer_advance": {
                            "total": 5.632526185014285,
                            "count": 1738,
                            "self": 0.03288479812908918,
                            "children": {
                                "process_trajectory": {
                                    "total": 1.4794964698376134,
                                    "count": 1738,
                                    "self": 1.4794964698376134
                                },
                                "_update_policy": {
                                    "total": 4.120144917047583,
                                    "count": 3,
                                    "self": 2.7017307895002887,
                                    "children": {
                                        "TorchPPOOptimizer.update": {
                                            "total": 1.418414127547294,
                                            "count": 90,