{
    "name": "root",
    "metadata": {
        "timer_format_version": "0.1.0",
        "start_time_seconds": "1736088679",
        "python_version": "3.10.12 (main, Jul  5 2023, 15:34:07) [Clang 14.0.6 ]",
        "command_line_arguments": "/Users/luis/opt/anaconda3/envs/mlagents/bin/mlagents-learn --run-id=ecorun1",
        "mlagents_version": "1.1.0",
        "mlagents_envs_version": "1.1.0",
        "communication_protocol_version": "1.5.0",
        "pytorch_version": "2.2.2",
        "numpy_version": "1.23.5",
        "end_time_seconds": "1736088766"
    },
    "total": 86.79688362497836,
    "count": 1,
    "self": 0.009303165948949754,
    "children": {
        "run_training.setup": {
            "total": 0.032407292048446834,
            "count": 1,
            "self": 0.032407292048446834
        },
        "TrainerController.start_learning": {
            "total": 86.75517316698097,
            "count": 1,
            "self": 0.030713257961906493,
            "children": {
                "TrainerController._reset_env": {
                    "total": 12.236337334034033,
                    "count": 1,
                    "self": 12.236337334034033
                },
                "TrainerController.advance": {
                    "total": 73.92228319996502,
                    "count": 1974,
                    "self": 0.02693219797220081,
                    "children": {
                        "env_step": {
                            "total": 73.68302783591207,
                            "count": 1974,
                            "self": 71.64099492621608,
                            "children": {
                                "SubprocessEnvManager._take_step": {
                                    "total": 2.022304232348688,
                                    "count": 1974,
                                    "self": 0.05726925143972039,
                                    "children": {
                                        "TorchPolicy.evaluate": {
                                            "total": 1.9650349809089676,
                                            "count": 1974,
                                            "self": 1.9650349809089676
                                        }
                                    }
                                },
                                "workers": {
                                    "total": 0.019728677347302437,
                                    "count": 1973,
                                    "self": 0.0,
                                    "children": {
                                        "worker_root": {
                                            "total": 11.109981120331213,
                                            "count": 1973,
                                            "is_parallel": true,
                                            "self": 4.273584838025272,
                                            "children": {
                                                "steps_from_proto": {
                                                    "total": 0.009867291082628071,
                                                    "count": 1,
                                                    "is_parallel": true,
                                                    "self": 0.00262345711234957,
                                                    "children": {
                                                        "_process_rank_one_or_two_observation": {
                                                            "total": 0.0072438339702785015,
                                                            "count": 2,
                                                            "is_parallel": true,
                                                            "self": 0.0072438339702785015
                                                        }
                                                    }
                                                },
                                                "UnityEnvironment.step": {
                                                    "total": 6.826528991223313,
                                                    "count": 1973,
                                                    "is_parallel": true,
                                                    "self": 0.06571774848271161,
                                                    "children": {
                                                        "UnityEnvironment._generate_step_input": {
                                                            "total": 0.17017458262853324,
                                                            "count": 1973,
                                                            "is_parallel": true,
                                                            "self": 0.17017458262853324
                                                        },
                                                        "communicator.exchange": {
                                                            "total": 6.261540908366442,
                                                            "count": 1973,
                                                            "is_parallel": true,
                                                            "self": 6.261540908366442
                                                        },
                                                        "steps_from_proto": {
                                                            "total": 0.32909575174562633,
                                                            "count": 1973,
                                                            "is_parallel": true,
                                                            "self": 0.19331958377733827,
                                                            "children": {
                                                                "_process_rank_one_or_two_observation": {
                                                                    "total": 0.13577616796828806,
                                                                    "count": 3946,
                                                                    "is_parallel": true,
                                                                    "self": 0.13577616796828806
                                                                }
                                                            }
                                                        }
                                                    }
                                                }
                                            }
                                        }
                                    }
                                }
                            }
                        },
                        "trainer_advance": {
                            "total": 0.21232316608075052,
                            "count": 1973,
                            "self": 0.026211334159597754,
                            "children": {
                                "process_trajectory": {
                                    "total": 0.18611183192115277,
                                    "count": 1973,
                                    "self": 0.18611183192115277
                                }
                            }
                        }
                    }
                },
                "TrainerController._save_models": {
                    "total": 0.5658393750200048,
                    "count": 1,
                    "self": 0.00679229199886322,
                    "children": {
                        "RLTrainer._checkpoint": {
                            "total": 0.5590470830211416,
                            "count": 1,