{
    "name": "root",
    "gauges": {
        "MyBehavior.Policy.Entropy.mean": {
            "value": 1.4382883310317993,
            "min": 1.4189382791519165,
            "max": 1.4388976097106934,
            "count": 25
        },
        "MyBehavior.Policy.Entropy.sum": {
            "value": 14598.626953125,
            "min": 13726.857421875,
            "max": 15892.109375,
            "count": 25
        },
        "MyBehavior.Step.mean": {
            "value": 249955.0,
            "min": 9970.0,
            "max": 249955.0,
            "count": 25
        },
        "MyBehavior.Step.sum": {
            "value": 249955.0,
            "min": 9970.0,
            "max": 249955.0,
            "count": 25
        },
        "MyBehavior.Policy.ExtrinsicValueEstimate.mean": {
            "value": 21.278226852416992,
            "min": -0.14850561320781708,
            "max": 21.278226852416992,
            "count": 25
        },
        "MyBehavior.Policy.ExtrinsicValueEstimate.sum": {
            "value": 3787.5244140625,
            "min": -23.463886260986328,
            "max": 3787.5244140625,
            "count": 25
        },
        "MyBehavior.Environment.EpisodeLength.mean": {
            "value": 229.29268292682926,
            "min": 229.29268292682926,
            "max": 434.96,
            "count": 25
        },
        "MyBehavior.Environment.EpisodeLength.sum": {
            "value": 9401.0,
            "min": 1900.0,
            "max": 11552.0,
            "count": 25
        },
        "MyBehavior.Environment.CumulativeReward.mean": {
            "value": 87.6829268292683,
            "min": -10.0,
            "max": 102.8048780487805,
            "count": 25
        },
        "MyBehavior.Environment.CumulativeReward.sum": {
            "value": 3595.0,
            "min": -295.0,
            "max": 4215.0,
            "count": 25
        },
        "MyBehavior.Policy.ExtrinsicReward.mean": {
            "value": 87.6829268292683,
            "min": -10.0,
            "max": 102.8048780487805,
            "count": 25
        },
        "MyBehavior.Policy.ExtrinsicReward.sum": {
            "value": 3595.0,
            "min": -295.0,
            "max": 4215.0,
            "count": 25
        },
        "MyBehavior.IsTraining.mean": {
            "value": 1.0,
            "min": 1.0,
            "max": 1.0,
            "count": 25
        },
        "MyBehavior.IsTraining.sum": {
            "value": 1.0,
            "min": 1.0,
            "max": 1.0,
            "count": 25
        },
        "CarnivoreBehavior.Policy.Entropy.mean": {
            "value": 1.4575974941253662,
            "min": 1.4183827638626099,
            "max": 1.4575974941253662,
            "count": 25
        },
        "CarnivoreBehavior.Policy.Entropy.sum": {
            "value": 14794.6142578125,
            "min": 13722.853515625,
            "max": 15892.109375,
            "count": 25
        },
        "CarnivoreBehavior.Step.mean": {
            "value": 249979.0,
            "min": 9941.0,
            "max": 249979.0,
            "count": 25
        },
        "CarnivoreBehavior.Step.sum": {
            "value": 249979.0,
            "min": 9941.0,
            "max": 249979.0,
            "count": 25
        },
        "CarnivoreBehavior.Policy.ExtrinsicValueEstimate.mean": {
            "value": -0.6288454532623291,
            "min": -2.3546032905578613,
            "max": -0.4186165928840637,
            "count": 25
        },
        "CarnivoreBehavior.Policy.ExtrinsicValueEstimate.sum": {
            "value": -113.19218444824219,
            "min": -414.4101867675781,
            "max": -74.09513854980469,
            "count": 25
        },
        "CarnivoreBehavior.Environment.EpisodeLength.mean": {
            "value": 215.5909090909091,
            "min": 215.5909090909091,
            "max": 406.88461538461536,
            "count": 25
        },
        "CarnivoreBehavior.Environment.EpisodeLength.sum": {
            "value": 9486.0,
            "min": 2316.0,
            "max": 11584.0,
            "count": 25
        },
        "CarnivoreBehavior.Environment.CumulativeReward.mean": {
            "value": -4.7727272727272725,
            "min": -13.461538461538462,
            "max": -1.1904761904761905,
            "count": 25
        },
        "CarnivoreBehavior.Environment.CumulativeReward.sum": {
            "value": -210.0,
            "min": -370.0,
            "max": -45.0,
            "count": 25
        },
        "CarnivoreBehavior.Policy.ExtrinsicReward.mean": {
            "value": -4.7727272727272725,
            "min": -13.461538461538462,
            "max": -1.1904761904761905,
            "count": 25
        },
        "CarnivoreBehavior.Policy.ExtrinsicReward.sum": {
            "value": -210.0,
            "min": -370.0,
            "max": -45.0,
            "count": 25
        },
        "CarnivoreBehavior.IsTraining.mean": {
            "value": 1.0,
            "min": 1.0,
            "max": 1.0,
            "count": 25
        },
        "CarnivoreBehavior.IsTraining.sum": {
            "value": 1.0,
            "min": 1.0,
            "max": 1.0,
            "count": 25
        },
        "MyBehavior.Losses.PolicyLoss.mean": {
            "value": 0.024372727596589053,
            "min": 0.018057694403008404,
            "max": 0.026170850937099508,
            "count": 24
        },
        "MyBehavior.Losses.PolicyLoss.sum": {
            "value": 0.024372727596589053,
            "min": 0.018057694403008404,
            "max": 0.026170850937099508,
            "count": 24
        },
        "MyBehavior.Losses.ValueLoss.mean": {
            "value": 66.94833628336589,
            "min": 3.6125624815622968,
            "max": 78.86851170857747,
            "count": 24
        },
        "MyBehavior.Losses.ValueLoss.sum": {
            "value": 66.94833628336589,
            "min": 3.6125624815622968,
            "max": 78.86851170857747,
            "count": 24
        },
        "MyBehavior.Policy.LearningRate.mean": {
            "value": 0.0002627217124261001,
            "min": 0.0002627217124261001,
            "max": 0.00029834130055289993,
            "count": 24
        },
        "MyBehavior.Policy.LearningRate.sum": {
            "value": 0.0002627217124261001,
            "min": 0.0002627217124261001,
            "max": 0.00029834130055289993,
            "count": 24
        },
        "MyBehavior.Policy.Epsilon.mean": {
            "value": 0.18757390000000004,
            "min": 0.18757390000000004,
            "max": 0.1994471000000001,
            "count": 24
        },
        "MyBehavior.Policy.Epsilon.sum": {
            "value": 0.18757390000000004,
            "min": 0.18757390000000004,
            "max": 0.1994471000000001,
            "count": 24
        },
        "MyBehavior.Policy.Beta.mean": {
            "value": 0.00437993761,
            "min": 0.00437993761,
            "max": 0.0049724102900000015,
            "count": 24
        },
        "MyBehavior.Policy.Beta.sum": {
            "value": 0.00437993761,
            "min": 0.00437993761,
            "max": 0.0049724102900000015,
            "count": 24
        },
        "CarnivoreBehavior.Losses.PolicyLoss.mean": {
            "value": 0.027151536118860047,
            "min": 0.016890580372031158,
            "max": 0.04120508876318733,
            "count": 24
        },
        "CarnivoreBehavior.Losses.PolicyLoss.sum": {
            "value": 0.027151536118860047,
            "min": 0.016890580372031158,
            "max": 0.04120508876318733,
            "count": 24
        },
        "CarnivoreBehavior.Losses.ValueLoss.mean": {
            "value": 1.4310882210731506,
            "min": 0.3416443741569916,
            "max": 8.825096599260966,
            "count": 24
        },
        "CarnivoreBehavior.Losses.ValueLoss.sum": {
            "value": 1.4310882210731506,
            "min": 0.3416443741569916,