{
    "name": "root",
    "gauges": {
        "CarnivoreBehavior.Policy.Entropy.mean": {
            "value": 1.425779938697815,
            "min": 1.4189382791519165,
            "max": 1.425779938697815,
            "count": 6
        },
        "CarnivoreBehavior.Policy.Entropy.sum": {
            "value": 14293.443359375,
            "min": 14082.4716796875,
            "max": 14593.7802734375,
            "count": 6
        },
        "CarnivoreBehavior.Environment.EpisodeLength.mean": {
            "value": 343.0357142857143,
            "min": 343.0357142857143,
            "max": 390.5217391304348,
            "count": 6
        },
        "CarnivoreBehavior.Environment.EpisodeLength.sum": {
            "value": 9605.0,
            "min": 8982.0,
            "max": 10343.0,
            "count": 6
        },
        "CarnivoreBehavior.Step.mean": {
            "value": 59939.0,
            "min": 9965.0,
            "max": 59939.0,
            "count": 6
        },
        "CarnivoreBehavior.Step.sum": {
            "value": 59939.0,
            "min": 9965.0,
            "max": 59939.0,
            "count": 6
        },
        "CarnivoreBehavior.Policy.ExtrinsicValueEstimate.mean": {
            "value": -1.070911169052124,
            "min": -1.8555808067321777,
            "max": -1.070911169052124,
            "count": 6
        },
        "CarnivoreBehavior.Policy.ExtrinsicValueEstimate.sum": {
            "value": -190.6221923828125,
            "min": -328.43780517578125,
            "max": -190.6221923828125,
            "count": 6
        },
        "CarnivoreBehavior.Environment.CumulativeReward.mean": {
            "value": -11.348571480917078,
            "min": -14.487307631339018,
            "max": -9.052333302795887,
            "count": 6
        },
        "CarnivoreBehavior.Environment.CumulativeReward.sum": {
            "value": -317.7600014656782,
            "min": -376.6699984148145,
            "max": -238.01000099815428,
            "count": 6
        },
        "CarnivoreBehavior.Policy.ExtrinsicReward.mean": {
            "value": -22.697142961834157,
            "min": -28.974615262678036,
            "max": -18.104666605591774,
            "count": 6
        },
        "CarnivoreBehavior.Policy.ExtrinsicReward.sum": {
            "value": -635.5200029313564,
            "min": -753.339996829629,
            "max": -476.02000199630857,
            "count": 6
        },
        "CarnivoreBehavior.IsTraining.mean": {
            "value": 1.0,
            "min": 1.0,
            "max": 1.0,
            "count": 6
        },
        "CarnivoreBehavior.IsTraining.sum": {
            "value": 1.0,
            "min": 1.0,
            "max": 1.0,
            "count": 6
        },
        "MyBehavior.Policy.Entropy.mean": {
            "value": 1.4323495626449585,
            "min": 1.4189382791519165,
            "max": 1.4323495626449585,
            "count": 6
        },
        "MyBehavior.Policy.Entropy.sum": {
            "value": 14359.3046875,
            "min": 14121.1640625,
            "max": 14593.7802734375,
            "count": 6
        },
        "MyBehavior.Environment.EpisodeLength.mean": {
            "value": 384.32,
            "min": 370.2962962962963,
            "max": 427.8095238095238,
            "count": 6
        },
        "MyBehavior.Environment.EpisodeLength.sum": {
            "value": 9608.0,
            "min": 8984.0,
            "max": 10343.0,
            "count": 6
        },
        "MyBehavior.Step.mean": {
            "value": 59939.0,
            "min": 9965.0,
            "max": 59939.0,
            "count": 6
        },
        "MyBehavior.Step.sum": {
            "value": 59939.0,
            "min": 9965.0,
            "max": 59939.0,
            "count": 6
        },
        "MyBehavior.Policy.ExtrinsicValueEstimate.mean": {
            "value": -0.08198581635951996,
            "min": -0.08198581635951996,
            "max": 0.8991236090660095,
            "count": 6
        },
        "MyBehavior.Policy.ExtrinsicValueEstimate.sum": {
            "value": -14.511488914489746,
            "min": -14.511488914489746,
            "max": 158.24575805664062,
            "count": 6
        },
        "MyBehavior.Environment.CumulativeReward.mean": {
            "value": -12.6,
            "min": -15.0,
            "max": -10.384615384615385,
            "count": 6
        },
        "MyBehavior.Environment.CumulativeReward.sum": {
            "value": -315.0,
            "min": -360.0,
            "max": -270.0,
            "count": 6
        },
        "MyBehavior.Policy.ExtrinsicReward.mean": {
            "value": -12.6,
            "min": -15.0,
            "max": -10.384615384615385,
            "count": 6
        },
        "MyBehavior.Policy.ExtrinsicReward.sum": {
            "value": -315.0,
            "min": -360.0,
            "max": -270.0,
            "count": 6
        },
        "MyBehavior.IsTraining.mean": {
            "value": 1.0,
            "min": 1.0,
            "max": 1.0,
            "count": 6
        },
        "MyBehavior.IsTraining.sum": {
            "value": 1.0,
            "min": 1.0,
            "max": 1.0,
            "count": 6
        },
        "CarnivoreBehavior.Losses.PolicyLoss.mean": {
            "value": 0.026483125720794,
            "min": 0.023829403300381576,
            "max": 0.027520945315094043,
            "count": 5
        },
        "CarnivoreBehavior.Losses.PolicyLoss.sum": {
            "value": 0.026483125720794,
            "min": 0.023829403300381576,
            "max": 0.027520945315094043,
            "count": 5
        },
        "CarnivoreBehavior.Losses.ValueLoss.mean": {
            "value": 4.016137135028839,
            "min": 4.016137135028839,
            "max": 7.730405600865682,
            "count": 5
        },
        "CarnivoreBehavior.Losses.ValueLoss.sum": {
            "value": 4.016137135028839,
            "min": 4.016137135028839,
            "max": 7.730405600865682,
            "count": 5
        },
        "CarnivoreBehavior.Policy.LearningRate.mean": {
            "value": 0.0002922994525668499,
            "min": 0.0002922994525668499,
            "max": 0.00029845725051425,
            "count": 5
        },
        "CarnivoreBehavior.Policy.LearningRate.sum": {
            "value": 0.0002922994525668499,
            "min": 0.0002922994525668499,
            "max": 0.00029845725051425,
            "count": 5
        },
        "CarnivoreBehavior.Policy.Epsilon.mean": {
            "value": 0.19743315000000006,
            "min": 0.19743315000000006,
            "max": 0.19948575000000002,
            "count": 5
        },
        "CarnivoreBehavior.Policy.Epsilon.sum": {
            "value": 0.19743315000000006,
            "min": 0.19743315000000006,
            "max": 0.19948575000000002,
            "count": 5
        },
        "CarnivoreBehavior.Policy.Beta.mean": {
            "value": 0.004871914185,
            "min": 0.004871914185,
            "max": 0.0049743389249999985,
            "count": 5
        },
        "CarnivoreBehavior.Policy.Beta.sum": {
            "value": 0.004871914185,
            "min": 0.004871914185,
            "max": 0.0049743389249999985,
            "count": 5
        },
        "MyBehavior.Losses.PolicyLoss.mean": {
            "value": 0.02679284472881894,
            "min": 0.017414460144209443,
            "max": 0.02679284472881894,
            "count": 5
        },
        "MyBehavior.Losses.PolicyLoss.sum": {
            "value": 0.02679284472881894,
            "min": 0.017414460144209443,
            "max": 0.02679284472881894,
            "count": 5
        },
        "MyBehavior.Losses.ValueLoss.mean": {
            "value": 2.1232893228530885,
            "min": 1.0323409577210745,
            "max": 2.8400598923365274,
            "count": 5
        },
        "MyBehavior.Losses.ValueLoss.sum": {
            "value": 2.1232893228530885,