{"count":1,"self":81.9899904,"total":1684.18416,"children":{"InitializeActuators":{"count":25,"self":0.001513,"total":0.001513,"children":null},"InitializeSensors":{"count":25,"self":0.0016389999999999998,"total":0.0016389999999999998,"children":null},"AgentSendState":{"count":75267,"self":24.186500799999997,"total":38.049822,"children":{"CollectObservations":{"count":376350,"self":0.380667,"total":0.380667,"children":null},"WriteActionMask":{"count":376350,"self":0.2254,"total":0.2254,"children":null},"RequestDecision":{"count":376350,"self":1.127696,"total":13.257254,"children":{"AgentInfo.ToProto":{"count":376350,"self":1.385165,"total":12.129558,"children":{"GenerateSensorData":{"count":376350,"self":9.8294047999999989,"total":10.744392999999999,"children":{"RayPerceptionSensor.Perceive":{"count":376350,"self":0.91498799999999991,"total":0.91498799999999991,"children":null}}}}}}}}},"DecideAction":{"count":75267,"self":1558.8991999999998,"total":1558.899242,"children":null},"AgentAct":{"count":75267,"self":5.1675939999999994,"total":5.1675939999999994,"children":null},"AgentInfo.ToProto":{"count":1353,"self":0.02029,"total":0.073411999999999991,"children":{"GenerateSensorData":{"count":1353,"self":0.047292999999999995,"total":0.053121999999999996,"children":{"RayPerceptionSensor.Perceive":{"count":1353,"self":0.005829,"total":0.005829,"children":null}}}}}},"gauges":{"My Behavior.CumulativeReward":{"count":1353,"max":65,"min":-15,"runningAverage":36.91428,"value":5,"weightedAverage":15.2593842}},"metadata":{"timer_format_version":"0.1.0","start_time_seconds":"1736358997","unity_version":"6000.0.32f1","command_line_arguments":"\/Applications\/Unity\/Hub\/Editor\/6000.0.32f1\/Unity.app\/Contents\/MacOS\/Unity -projectpath \/Users\/luis\/EcosystemSIM -useHub -hubIPC -cloudEnvironment production","communication_protocol_version":"1.5.0","com.unity.ml-agents_version":"3.0.0","scene_name":"OnlyHerbivoreScene","end_time_seconds":"1736360681"}}