{
    "name": "root",
    "gauges": {
        "MyBehavior.Policy.Entropy.mean": {
            "value": 1.3999403715133667,
            "min": 1.3999403715133667,
            "max": 1.4234161376953125,
            "count": 9
        },
        "MyBehavior.Policy.Entropy.sum": {
            "value": 69507.0390625,
            "min": 69507.0390625,
            "max": 72700.9765625,
            "count": 9
        },
        "MyBehavior.Environment.EpisodeLength.mean": {
            "value": 41.20048115477145,
            "min": 41.20048115477145,
            "max": 479.20754716981133,
            "count": 9
        },
        "MyBehavior.Environment.EpisodeLength.sum": {
            "value": 51377.0,
            "min": 45515.0,
            "max": 51447.0,
            "count": 9
        },
        "MyBehavior.Step.mean": {
            "value": 449988.0,
            "min": 49963.0,
            "max": 449988.0,
            "count": 9
        },
        "MyBehavior.Step.sum": {
            "value": 449988.0,
            "min": 49963.0,
            "max": 449988.0,
            "count": 9
        },
        "MyBehavior.Policy.ExtrinsicValueEstimate.mean": {
            "value": 1.2542937994003296,
            "min": -0.09180322289466858,
            "max": 1.2542937994003296,
            "count": 9
        },
        "MyBehavior.Policy.ExtrinsicValueEstimate.sum": {
            "value": 1816.2174072265625,
            "min": -77.20651245117188,
            "max": 1816.2174072265625,
            "count": 9
        },
        "MyBehavior.Environment.CumulativeReward.mean": {
            "value": 1.9895833333333333,
            "min": -33.96875,
            "max": 1.9895833333333333,
            "count": 9
        },
        "MyBehavior.Environment.CumulativeReward.sum": {
            "value": 2483.0,
            "min": -3261.0,
            "max": 2483.0,
            "count": 9
        },
        "MyBehavior.Policy.ExtrinsicReward.mean": {
            "value": 1.9895833333333333,
            "min": -33.96875,
            "max": 1.9895833333333333,
            "count": 9
        },
        "MyBehavior.Policy.ExtrinsicReward.sum": {
            "value": 2483.0,
            "min": -3261.0,
            "max": 2483.0,
            "count": 9
        },
        "MyBehavior.Losses.PolicyLoss.mean": {
            "value": 0.024521149847714693,
            "min": 0.021164203220935936,
            "max": 0.02541967759752879,
            "count": 9
        },
        "MyBehavior.Losses.PolicyLoss.sum": {
            "value": 0.12260574923857347,
            "min": 0.08465681288374374,
            "max": 0.12709838798764395,
            "count": 9
        },
        "MyBehavior.Losses.ValueLoss.mean": {
            "value": 0.09052626286943753,
            "min": 0.016165747029396393,
            "max": 1.1804049402475356,
            "count": 9
        },
        "MyBehavior.Losses.ValueLoss.sum": {
            "value": 0.4526313143471877,
            "min": 0.08082873514698197,
            "max": 4.7216197609901425,
            "count": 9
        },
        "MyBehavior.Policy.LearningRate.mean": {
            "value": 4.6523724492120005e-05,
            "min": 4.6523724492120005e-05,
            "max": 0.0002841033052989,
            "count": 9
        },
        "MyBehavior.Policy.LearningRate.sum": {
            "value": 0.00023261862246060002,
            "min": 0.00023261862246060002,
            "max": 0.0012805134731621998,
            "count": 9
        },
        "MyBehavior.Policy.Epsilon.mean": {
            "value": 0.11550788000000001,
            "min": 0.11550788000000001,
            "max": 0.1947011,
            "count": 9
        },
        "MyBehavior.Policy.Epsilon.sum": {
            "value": 0.5775394,
            "min": 0.5399664,
            "max": 0.9268378000000003,
            "count": 9
        },
        "MyBehavior.Policy.Beta.mean": {
            "value": 0.000783843212,
            "min": 0.000783843212,
            "max": 0.00473558489,
            "count": 9
        },
        "MyBehavior.Policy.Beta.sum": {
            "value": 0.00391921606,
            "min": 0.00391921606,
            "max": 0.02134920622,
            "count": 9
        },
        "MyBehavior.IsTraining.mean": {
            "value": 1.0,
            "min": 1.0,
            "max": 1.0,
            "count": 9
        },
        "MyBehavior.IsTraining.sum": {
            "value": 1.0,
            "min": 1.0,
            "max": 1.0,
            "count": 9
        }
    },
    "metadata": {
        "timer_format_version": "0.1.0",
        "start_time_seconds": "1736100053",
        "python_version": "3.10.12 (main, Jul  5 2023, 15:34:07) [Clang 14.0.6 ]",
        "command_line_arguments": "/Users/luis/opt/anaconda3/envs/mlagents/bin/mlagents-learn --run-id=transfer2 --initialize-from=smallrun1",
        "mlagents_version": "1.1.0",
        "mlagents_envs_version": "1.1.0",
        "communication_protocol_version": "1.5.0",
        "pytorch_version": "2.2.2",
        "numpy_version": "1.23.5",
        "end_time_seconds": "1736100547"
    },
    "total": 493.488959915936,
    "count": 1,
    "self": 0.0071729159681126475,
    "children": {
        "run_training.setup": {
            "total": 0.030751749989576638,
            "count": 1,
            "self": 0.030751749989576638
        },
        "TrainerController.start_learning": {
            "total": 493.4510352499783,
            "count": 1,
            "self": 0.37441027350723743,
            "children": {
                "TrainerController._reset_env": {
                    "total": 20.287327166995965,
                    "count": 1,
                    "self": 20.287327166995965
                },
                "TrainerController.advance": {
                    "total": 472.5182956015924,
                    "count": 20275,
                    "self": 0.33244905911851674,
                    "children": {
                        "env_step": {
                            "total": 376.12575833743904,
                            "count": 20275,
                            "self": 347.0809740432305,
                            "children": {
                                "SubprocessEnvManager._take_step": {
                                    "total": 28.788673695991747,
                                    "count": 20275,
                                    "self": 1.3732762722065672,
                                    "children": {
                                        "TorchPolicy.evaluate": {
                                            "total": 27.41539742378518,
                                            "count": 18157,
                                            "self": 27.41539742378518
                                        }
                                    }
                                },
                                "workers": {
                                    "total": 0.25611059821676463,
                                    "count": 20274,
                                    "self": 0.0,
                                    "children": {
                                        "worker_root": {
                                            "total": 473.88439803652,
                                            "count": 20274,
                                            "is_parallel": true,
                                            "self": 155.6034150822088,
                                            "children": {
                                                "steps_from_proto": {
                                                    "total": 0.029722208040766418,
                                                    "count": 1,
                                                    "is_parallel": true,
                                                    "self": 0.00551216711755842,