{
    "name": "root",
    "gauges": {
        "MyBehavior.Policy.Entropy.mean": {
            "value": 1.4303747415542603,
            "min": 1.4233524799346924,
            "max": 1.4324923753738403,
            "count": 10
        },
        "MyBehavior.Policy.Entropy.sum": {
            "value": 71626.015625,
            "min": 71270.578125,
            "max": 72377.4765625,
            "count": 10
        },
        "MyBehavior.Environment.EpisodeLength.mean": {
            "value": 102.11111111111111,
            "min": 102.11111111111111,
            "max": 478.3061224489796,
            "count": 10
        },
        "MyBehavior.Environment.EpisodeLength.sum": {
            "value": 49626.0,
            "min": 45542.0,
            "max": 54133.0,
            "count": 10
        },
        "MyBehavior.Step.mean": {
            "value": 499952.0,
            "min": 49937.0,
            "max": 499952.0,
            "count": 10
        },
        "MyBehavior.Step.sum": {
            "value": 499952.0,
            "min": 49937.0,
            "max": 499952.0,
            "count": 10
        },
        "MyBehavior.Policy.ExtrinsicValueEstimate.mean": {
            "value": 2.683826446533203,
            "min": 0.04473540186882019,
            "max": 2.683826446533203,
            "count": 10
        },
        "MyBehavior.Policy.ExtrinsicValueEstimate.sum": {
            "value": 2777.76025390625,
            "min": 37.53300094604492,
            "max": 2777.76025390625,
            "count": 10
        },
        "MyBehavior.Environment.CumulativeReward.mean": {
            "value": 4.967078189300412,
            "min": 0.308411214953271,
            "max": 4.977011494252873,
            "count": 10
        },
        "MyBehavior.Environment.CumulativeReward.sum": {
            "value": 2414.0,
            "min": 33.0,
            "max": 2414.0,
            "count": 10
        },
        "MyBehavior.Policy.ExtrinsicReward.mean": {
            "value": 4.967078189300412,
            "min": 0.308411214953271,
            "max": 4.977011494252873,
            "count": 10
        },
        "MyBehavior.Policy.ExtrinsicReward.sum": {
            "value": 2414.0,
            "min": 33.0,
            "max": 2414.0,
            "count": 10
        },
        "MyBehavior.Losses.PolicyLoss.mean": {
            "value": 0.024460681024211225,
            "min": 0.020926518508349545,
            "max": 0.02688105533753211,
            "count": 10
        },
        "MyBehavior.Losses.PolicyLoss.sum": {
            "value": 0.12230340512105613,
            "min": 0.08370607403339818,
            "max": 0.13440527668766056,
            "count": 10
        },
        "MyBehavior.Losses.ValueLoss.mean": {
            "value": 0.367581528822581,
            "min": 0.0581361139814059,
            "max": 0.39389328618844355,
            "count": 10
        },
        "MyBehavior.Losses.ValueLoss.sum": {
            "value": 1.837907644112905,
            "min": 0.2325444559256236,
            "max": 1.9694664309422176,
            "count": 10
        },
        "MyBehavior.Policy.LearningRate.mean": {
            "value": 1.601865466048001e-05,
            "min": 1.601865466048001e-05,
            "max": 0.00028422645525785,
            "count": 10
        },
        "MyBehavior.Policy.LearningRate.sum": {
            "value": 8.009327330240005e-05,
            "min": 8.009327330240005e-05,
            "max": 0.0012824658725113997,
            "count": 10
        },
        "MyBehavior.Policy.Epsilon.mean": {
            "value": 0.10533952000000002,
            "min": 0.10533952000000002,
            "max": 0.19474215,
            "count": 10
        },
        "MyBehavior.Policy.Epsilon.sum": {
            "value": 0.5266976000000001,
            "min": 0.4994332,
            "max": 0.9274886000000001,
            "count": 10
        },
        "MyBehavior.Policy.Beta.mean": {
            "value": 0.0002764420480000003,
            "min": 0.0002764420480000003,
            "max": 0.004737633285,
            "count": 10
        },
        "MyBehavior.Policy.Beta.sum": {
            "value": 0.0013822102400000015,
            "min": 0.0013822102400000015,
            "max": 0.02138168114,
            "count": 10
        },
        "MyBehavior.IsTraining.mean": {
            "value": 1.0,
            "min": 1.0,
            "max": 1.0,
            "count": 10
        },
        "MyBehavior.IsTraining.sum": {
            "value": 1.0,
            "min": 1.0,
            "max": 1.0,
            "count": 10
        }
    },
    "metadata": {
        "timer_format_version": "0.1.0",
        "start_time_seconds": "1736105534",
        "python_version": "3.10.12 (main, Jul  5 2023, 15:34:07) [Clang 14.0.6 ]",
        "command_line_arguments": "/Users/luis/opt/anaconda3/envs/mlagents/bin/mlagents-learn --run-id=RayPerception2",
        "mlagents_version": "1.1.0",
        "mlagents_envs_version": "1.1.0",
        "communication_protocol_version": "1.5.0",
        "pytorch_version": "2.2.2",
        "numpy_version": "1.23.5",
        "end_time_seconds": "1736106324"
    },
    "total": 789.4879533329513,
    "count": 1,
    "self": 0.022579374024644494,
    "children": {
        "run_training.setup": {
            "total": 0.03162875003181398,
            "count": 1,
            "self": 0.03162875003181398
        },
        "TrainerController.start_learning": {
            "total": 789.4337452088948,
            "count": 1,
            "self": 0.4110376116586849,
            "children": {
                "TrainerController._reset_env": {
                    "total": 13.139793999958783,
                    "count": 1,
                    "self": 13.139793999958783
                },
                "TrainerController.advance": {
                    "total": 775.8287491814699,
                    "count": 21715,
                    "self": 0.3679609594400972,
                    "children": {
                        "env_step": {
                            "total": 658.3761771786958,
                            "count": 21715,
                            "self": 626.3333156923763,
                            "children": {
                                "SubprocessEnvManager._take_step": {
                                    "total": 31.738050255924463,
                                    "count": 21715,
                                    "self": 1.1336501950863749,
                                    "children": {
                                        "TorchPolicy.evaluate": {
                                            "total": 30.60440006083809,
                                            "count": 20033,
                                            "self": 30.60440006083809
                                        }
                                    }
                                },
                                "workers": {
                                    "total": 0.30481123039498925,
                                    "count": 21715,
                                    "self": 0.0,
                                    "children": {
                                        "worker_root": {
                                            "total": 776.3393844753737,
                                            "count": 21715,
                                            "is_parallel": true,
                                            "self": 183.6310319864424,
                                            "children": {
                                                "steps_from_proto": {
                                                    "total": 0.009453207952901721,
                                                    "count": 1,
                                                    "is_parallel": true,
                                                    "self": 0.0017759170150384307,