{
    "name": "root",
    "gauges": {
        "MyBehavior.Policy.Entropy.mean": {
            "value": 1.447877049446106,
            "min": 1.4241584539413452,
            "max": 1.4495929479599,
            "count": 10
        },
        "MyBehavior.Policy.Entropy.sum": {
            "value": 72140.4765625,
            "min": 71810.46875,
            "max": 72858.6796875,
            "count": 10
        },
        "MyBehavior.Environment.EpisodeLength.mean": {
            "value": 500.46875,
            "min": 355.7235772357724,
            "max": 520.8888888888889,
            "count": 10
        },
        "MyBehavior.Environment.EpisodeLength.sum": {
            "value": 48045.0,
            "min": 43754.0,
            "max": 51770.0,
            "count": 10
        },
        "MyBehavior.Step.mean": {
            "value": 499947.0,
            "min": 49969.0,
            "max": 499947.0,
            "count": 10
        },
        "MyBehavior.Step.sum": {
            "value": 499947.0,
            "min": 49969.0,
            "max": 499947.0,
            "count": 10
        },
        "MyBehavior.Policy.ExtrinsicValueEstimate.mean": {
            "value": -0.010413354262709618,
            "min": -0.010413354262709618,
            "max": 1.5048929452896118,
            "count": 10
        },
        "MyBehavior.Policy.ExtrinsicValueEstimate.sum": {
            "value": -8.715977668762207,
            "min": -8.715977668762207,
            "max": 1276.149169921875,
            "count": 10
        },
        "MyBehavior.Environment.CumulativeReward.mean": {
            "value": 0.010526315789473684,
            "min": -0.20754716981132076,
            "max": 0.0707070707070707,
            "count": 10
        },
        "MyBehavior.Environment.CumulativeReward.sum": {
            "value": 1.0,
            "min": -25.0,
            "max": 7.0,
            "count": 10
        },
        "MyBehavior.Policy.ExtrinsicReward.mean": {
            "value": 0.010526315789473684,
            "min": -0.20754716981132076,
            "max": 0.0707070707070707,
            "count": 10
        },
        "MyBehavior.Policy.ExtrinsicReward.sum": {
            "value": 1.0,
            "min": -25.0,
            "max": 7.0,
            "count": 10
        },
        "MyBehavior.Losses.PolicyLoss.mean": {
            "value": 0.022964257698040454,
            "min": 0.022076656632755962,
            "max": 0.02420731960562989,
            "count": 10
        },
        "MyBehavior.Losses.PolicyLoss.sum": {
            "value": 0.11482128849020228,
            "min": 0.08830662653102385,
            "max": 0.12103659802814945,
            "count": 10
        },
        "MyBehavior.Losses.ValueLoss.mean": {
            "value": 0.007632796744195124,
            "min": 0.004265513605593393,
            "max": 0.10829523365634183,
            "count": 10
        },
        "MyBehavior.Losses.ValueLoss.sum": {
            "value": 0.03816398372097562,
            "min": 0.021327568027966967,
            "max": 0.43318093462536733,
            "count": 10
        },
        "MyBehavior.Policy.LearningRate.mean": {
            "value": 1.5934654688480007e-05,
            "min": 1.5934654688480007e-05,
            "max": 0.0002843142052286,
            "count": 10
        },
        "MyBehavior.Policy.LearningRate.sum": {
            "value": 7.967327344240004e-05,
            "min": 7.967327344240004e-05,
            "max": 0.0012827214724261998,
            "count": 10
        },
        "MyBehavior.Policy.Epsilon.mean": {
            "value": 0.10531152000000002,
            "min": 0.10531152000000002,
            "max": 0.19477140000000004,
            "count": 10
        },
        "MyBehavior.Policy.Epsilon.sum": {
            "value": 0.5265576000000001,
            "min": 0.5265576000000001,
            "max": 0.9275738,
            "count": 10
        },
        "MyBehavior.Policy.Beta.mean": {
            "value": 0.00027504484800000014,
            "min": 0.00027504484800000014,
            "max": 0.0047390928599999995,
            "count": 10
        },
        "MyBehavior.Policy.Beta.sum": {
            "value": 0.0013752242400000008,
            "min": 0.0013752242400000008,
            "max": 0.02138593262,
            "count": 10
        },
        "MyBehavior.IsTraining.mean": {
            "value": 1.0,
            "min": 1.0,
            "max": 1.0,
            "count": 10
        },
        "MyBehavior.IsTraining.sum": {
            "value": 1.0,
            "min": 1.0,
            "max": 1.0,
            "count": 10
        }
    },
    "metadata": {
        "timer_format_version": "0.1.0",
        "start_time_seconds": "1736103995",
        "python_version": "3.10.12 (main, Jul  5 2023, 15:34:07) [Clang 14.0.6 ]",
        "command_line_arguments": "/Users/luis/opt/anaconda3/envs/mlagents/bin/mlagents-learn --run-id=newMovement1",
        "mlagents_version": "1.1.0",
        "mlagents_envs_version": "1.1.0",
        "communication_protocol_version": "1.5.0",
        "pytorch_version": "2.2.2",
        "numpy_version": "1.23.5",
        "end_time_seconds": "1736104540"
    },
    "total": 544.6168803339824,
    "count": 1,
    "self": 0.04316233401186764,
    "children": {
        "run_training.setup": {
            "total": 0.03085241699591279,
            "count": 1,
            "self": 0.03085241699591279
        },
        "TrainerController.start_learning": {
            "total": 544.5428655829746,
            "count": 1,
            "self": 0.3765649812994525,
            "children": {
                "TrainerController._reset_env": {
                    "total": 14.47460058296565,
                    "count": 1,
                    "self": 14.47460058296565
                },
                "TrainerController.advance": {
                    "total": 529.6399341026554,
                    "count": 20737,
                    "self": 0.3643652618629858,
                    "children": {
                        "env_step": {
                            "total": 423.4467847996857,
                            "count": 20737,
                            "self": 392.3234262120677,
                            "children": {
                                "SubprocessEnvManager._take_step": {
                                    "total": 30.8539810734801,
                                    "count": 20737,
                                    "self": 1.621408149250783,
                                    "children": {
                                        "TorchPolicy.evaluate": {
                                            "total": 29.232572924229316,
                                            "count": 20022,
                                            "self": 29.232572924229316
                                        }
                                    }
                                },
                                "workers": {
                                    "total": 0.26937751413788646,
                                    "count": 20737,
                                    "self": 0.0,
                                    "children": {
                                        "worker_root": {
                                            "total": 530.380995816784,
                                            "count": 20737,
                                            "is_parallel": true,
                                            "self": 169.15692330745514,
                                            "children": {
                                                "steps_from_proto": {
                                                    "total": 0.0146379170473665,
                                                    "count": 1,
                                                    "is_parallel": true,
                                                    "self": 0.0019984170794487,