{
    "name": "root",
    "gauges": {
        "CarnivoreBehavior.Policy.Entropy.mean": {
            "value": 1.4318808317184448,
            "min": 1.418938398361206,
            "max": 1.4320714473724365,
            "count": 40
        },
        "CarnivoreBehavior.Policy.Entropy.sum": {
            "value": 14754.099609375,
            "min": 1919.52490234375,
            "max": 40983.68359375,
            "count": 40
        },
        "CarnivoreBehavior.Environment.EpisodeLength.mean": {
            "value": 174.5084745762712,
            "min": 36.76190476190476,
            "max": 388.09177215189874,
            "count": 40
        },
        "CarnivoreBehavior.Environment.EpisodeLength.sum": {
            "value": 10296.0,
            "min": 254.0,
            "max": 122637.0,
            "count": 40
        },
        "CarnivoreBehavior.Step.mean": {
            "value": 499954.0,
            "min": 9970.0,
            "max": 499954.0,
            "count": 50
        },
        "CarnivoreBehavior.Step.sum": {
            "value": 499954.0,
            "min": 9970.0,
            "max": 499954.0,
            "count": 50
        },
        "CarnivoreBehavior.Policy.ExtrinsicValueEstimate.mean": {
            "value": 7.098025321960449,
            "min": -5.788669586181641,
            "max": 7.098025321960449,
            "count": 50
        },
        "CarnivoreBehavior.Policy.ExtrinsicValueEstimate.sum": {
            "value": 1320.232666015625,
            "min": -1104.22998046875,
            "max": 1320.232666015625,
            "count": 50
        },
        "CarnivoreBehavior.Environment.CumulativeReward.mean": {
            "value": 27.966101694915253,
            "min": -12.072784810126583,
            "max": 50.0,
            "count": 41
        },
        "CarnivoreBehavior.Environment.CumulativeReward.sum": {
            "value": 1650.0,
            "min": -3815.0,
            "max": 1760.0,
            "count": 41
        },
        "CarnivoreBehavior.Policy.ExtrinsicReward.mean": {
            "value": 27.966101694915253,
            "min": -12.072784810126583,
            "max": 50.0,
            "count": 41
        },
        "CarnivoreBehavior.Policy.ExtrinsicReward.sum": {
            "value": 1650.0,
            "min": -3815.0,
            "max": 1760.0,
            "count": 41
        },
        "CarnivoreBehavior.IsTraining.mean": {
            "value": 1.0,
            "min": 1.0,
            "max": 1.0,
            "count": 50
        },
        "CarnivoreBehavior.IsTraining.sum": {
            "value": 1.0,
            "min": 1.0,
            "max": 1.0,
            "count": 50
        },
        "MyBehavior.Policy.Entropy.mean": {
            "value": 1.403422474861145,
            "min": 1.4033241271972656,
            "max": 1.4255942106246948,
            "count": 37
        },
        "MyBehavior.Policy.Entropy.sum": {
            "value": 13832.1318359375,
            "min": 1911.6739501953125,
            "max": 40874.63671875,
            "count": 37
        },
        "MyBehavior.Environment.EpisodeLength.mean": {
            "value": 202.92592592592592,
            "min": 27.9375,
            "max": 435.5987261146497,
            "count": 36
        },
        "MyBehavior.Environment.EpisodeLength.sum": {
            "value": 10958.0,
            "min": 447.0,
            "max": 136778.0,
            "count": 36
        },
        "MyBehavior.Step.mean": {
            "value": 499952.0,
            "min": 9999.0,
            "max": 499952.0,
            "count": 50
        },
        "MyBehavior.Step.sum": {
            "value": 499952.0,
            "min": 9999.0,
            "max": 499952.0,
            "count": 50
        },
        "MyBehavior.Policy.ExtrinsicValueEstimate.mean": {
            "value": 16.61354637145996,
            "min": -0.10334731638431549,
            "max": 16.646320343017578,
            "count": 50
        },
        "MyBehavior.Policy.ExtrinsicValueEstimate.sum": {
            "value": 3040.279052734375,
            "min": -17.05230712890625,
            "max": 3040.279052734375,
            "count": 50
        },
        "MyBehavior.Environment.CumulativeReward.mean": {
            "value": 53.54545454545455,
            "min": -14.375,
            "max": 69.04255319148936,
            "count": 37
        },
        "MyBehavior.Environment.CumulativeReward.sum": {
            "value": 2945.0,
            "min": -255.0,
            "max": 9530.0,
            "count": 37
        },
        "MyBehavior.Policy.ExtrinsicReward.mean": {
            "value": 53.54545454545455,
            "min": -14.375,
            "max": 69.04255319148936,
            "count": 37
        },
        "MyBehavior.Policy.ExtrinsicReward.sum": {
            "value": 2945.0,
            "min": -255.0,
            "max": 9530.0,
            "count": 37
        },
        "MyBehavior.IsTraining.mean": {
            "value": 1.0,
            "min": 1.0,
            "max": 1.0,
            "count": 50
        },
        "MyBehavior.IsTraining.sum": {
            "value": 1.0,
            "min": 1.0,
            "max": 1.0,
            "count": 50
        },
        "CarnivoreBehavior.Losses.PolicyLoss.mean": {
            "value": 0.028079040294202665,
            "min": 0.017286116395068045,
            "max": 0.03336475278871755,
            "count": 35
        },
        "CarnivoreBehavior.Losses.PolicyLoss.sum": {
            "value": 0.028079040294202665,
            "min": 0.017286116395068045,
            "max": 0.03336475278871755,
            "count": 35
        },
        "CarnivoreBehavior.Losses.ValueLoss.mean": {
            "value": 37.83967761993408,
            "min": 4.647932440042496,
            "max": 755.1098450978596,
            "count": 35
        },
        "CarnivoreBehavior.Losses.ValueLoss.sum": {
            "value": 37.83967761993408,
            "min": 4.647932440042496,
            "max": 755.1098450978596,
            "count": 35
        },
        "CarnivoreBehavior.Policy.LearningRate.mean": {
            "value": 2.5980991340000006e-06,
            "min": 2.5980991340000006e-06,
            "max": 0.00028334280555239997,
            "count": 35
        },
        "CarnivoreBehavior.Policy.LearningRate.sum": {
            "value": 2.5980991340000006e-06,
            "min": 2.5980991340000006e-06,
            "max": 0.00028334280555239997,
            "count": 35
        },
        "CarnivoreBehavior.Policy.Epsilon.mean": {
            "value": 0.10086599999999998,
            "min": 0.10086599999999998,
            "max": 0.19444759999999997,
            "count": 35
        },
        "CarnivoreBehavior.Policy.Epsilon.sum": {
            "value": 0.10086599999999998,
            "min": 0.10086599999999998,
            "max": 0.19444759999999997,
            "count": 35
        },
        "CarnivoreBehavior.Policy.Beta.mean": {
            "value": 5.321340000000001e-05,
            "min": 5.321340000000001e-05,
            "max": 0.004722935240000001,
            "count": 35
        },
        "CarnivoreBehavior.Policy.Beta.sum": {
            "value": 5.321340000000001e-05,
            "min": 5.321340000000001e-05,
            "max": 0.004722935240000001,
            "count": 35
        },
        "MyBehavior.Losses.PolicyLoss.mean": {
            "value": 0.021571097273166136,
            "min": 0.016823257420522472,
            "max": 0.03285592044833013,
            "count": 33
        },
        "MyBehavior.Losses.PolicyLoss.sum": {
            "value": 0.021571097273166136,
            "min": 0.016823257420522472,
            "max": 0.03285592044833013,
            "count": 33
        },
        "MyBehavior.Losses.ValueLoss.mean": {
            "value": 81.60675303141277,
            "min": 5.549362650624028,
            "max": 81.60675303141277,
            "count": 33
        },
        "MyBehavior.Losses.ValueLoss.sum": {
            "value": 81.60675303141277,