{
    "name": "root",
    "gauges": {
        "CarnivoreBehavior.Policy.Entropy.mean": {
            "value": 1.4654713869094849,
            "min": 1.4186350107192993,
            "max": 1.4721513986587524,
            "count": 172
        },
        "CarnivoreBehavior.Policy.Entropy.sum": {
            "value": 14707.470703125,
            "min": 14169.3515625,
            "max": 14819.837890625,
            "count": 172
        },
        "CarnivoreBehavior.Step.mean": {
            "value": 1719977.0,
            "min": 9969.0,
            "max": 1719977.0,
            "count": 172
        },
        "CarnivoreBehavior.Step.sum": {
            "value": 1719977.0,
            "min": 9969.0,
            "max": 1719977.0,
            "count": 172
        },
        "CarnivoreBehavior.Policy.ExtrinsicValueEstimate.mean": {
            "value": 1.2710072994232178,
            "min": -2.825195550918579,
            "max": 7.25944185256958,
            "count": 172
        },
        "CarnivoreBehavior.Policy.ExtrinsicValueEstimate.sum": {
            "value": 270.72454833984375,
            "min": -508.5351867675781,
            "max": 1488.185546875,
            "count": 172
        },
        "CarnivoreBehavior.Environment.EpisodeLength.mean": {
            "value": 85.12173913043478,
            "min": 64.24183006535948,
            "max": 429.6521739130435,
            "count": 172
        },
        "CarnivoreBehavior.Environment.EpisodeLength.sum": {
            "value": 9789.0,
            "min": 9257.0,
            "max": 10672.0,
            "count": 172
        },
        "CarnivoreBehavior.Environment.CumulativeReward.mean": {
            "value": 0.3410434093164361,
            "min": -14.733043519699056,
            "max": 8.989047474804378,
            "count": 172
        },
        "CarnivoreBehavior.Environment.CumulativeReward.sum": {
            "value": 39.21999207139015,
            "min": -440.5799982342869,
            "max": 808.2899879384786,
            "count": 172
        },
        "CarnivoreBehavior.Policy.ExtrinsicReward.mean": {
            "value": 0.6820868186328722,
            "min": -29.46608703939811,
            "max": 17.978094949608757,
            "count": 172
        },
        "CarnivoreBehavior.Policy.ExtrinsicReward.sum": {
            "value": 78.4399841427803,
            "min": -881.1599964685738,
            "max": 1616.5799758769572,
            "count": 172
        },
        "CarnivoreBehavior.IsTraining.mean": {
            "value": 1.0,
            "min": 1.0,
            "max": 1.0,
            "count": 172
        },
        "CarnivoreBehavior.IsTraining.sum": {
            "value": 1.0,
            "min": 1.0,
            "max": 1.0,
            "count": 172
        },
        "MyBehavior.Policy.Entropy.mean": {
            "value": 1.4539052248001099,
            "min": 1.4189382791519165,
            "max": 1.4716506004333496,
            "count": 172
        },
        "MyBehavior.Policy.Entropy.sum": {
            "value": 14591.392578125,
            "min": 14179.390625,
            "max": 14756.8720703125,
            "count": 172
        },
        "MyBehavior.Step.mean": {
            "value": 1719977.0,
            "min": 9969.0,
            "max": 1719977.0,
            "count": 172
        },
        "MyBehavior.Step.sum": {
            "value": 1719977.0,
            "min": 9969.0,
            "max": 1719977.0,
            "count": 172
        },
        "MyBehavior.Policy.ExtrinsicValueEstimate.mean": {
            "value": 1.7907859086990356,
            "min": -4.957160949707031,
            "max": 11.47986125946045,
            "count": 172
        },
        "MyBehavior.Policy.ExtrinsicValueEstimate.sum": {
            "value": 379.6466064453125,
            "min": -1009.7323608398438,
            "max": 2227.093017578125,
            "count": 172
        },
        "MyBehavior.Environment.EpisodeLength.mean": {
            "value": 87.42857142857143,
            "min": 64.67105263157895,
            "max": 449.22727272727275,
            "count": 172
        },
        "MyBehavior.Environment.EpisodeLength.sum": {
            "value": 9792.0,
            "min": 9259.0,
            "max": 10675.0,
            "count": 172
        },
        "MyBehavior.Environment.CumulativeReward.mean": {
            "value": 4.285714285714286,
            "min": -15.0,
            "max": 8.333333333333334,
            "count": 172
        },
        "MyBehavior.Environment.CumulativeReward.sum": {
            "value": 480.0,
            "min": -1230.0,
            "max": 1005.0,
            "count": 172
        },
        "MyBehavior.Policy.ExtrinsicReward.mean": {
            "value": 4.285714285714286,
            "min": -15.0,
            "max": 8.333333333333334,
            "count": 172
        },
        "MyBehavior.Policy.ExtrinsicReward.sum": {
            "value": 480.0,
            "min": -1230.0,
            "max": 1005.0,
            "count": 172
        },
        "MyBehavior.IsTraining.mean": {
            "value": 1.0,
            "min": 1.0,
            "max": 1.0,
            "count": 172
        },
        "MyBehavior.IsTraining.sum": {
            "value": 1.0,
            "min": 1.0,
            "max": 1.0,
            "count": 172
        },
        "CarnivoreBehavior.Losses.PolicyLoss.mean": {
            "value": 0.022730186958021172,
            "min": 0.016699560930768107,
            "max": 0.03354196751024574,
            "count": 167
        },
        "CarnivoreBehavior.Losses.PolicyLoss.sum": {
            "value": 0.022730186958021172,
            "min": 0.016699560930768107,
            "max": 0.03354196751024574,
            "count": 167
        },
        "CarnivoreBehavior.Losses.ValueLoss.mean": {
            "value": 21.61906560262044,
            "min": 4.23843448360761,
            "max": 37.84506228764852,
            "count": 167
        },
        "CarnivoreBehavior.Losses.ValueLoss.sum": {
            "value": 21.61906560262044,
            "min": 4.23843448360761,
            "max": 37.84506228764852,
            "count": 167
        },
        "CarnivoreBehavior.Policy.LearningRate.mean": {
            "value": 4.273643575455002e-05,
            "min": 4.273643575455002e-05,
            "max": 0.0002984566505144501,
            "count": 167
        },
        "CarnivoreBehavior.Policy.LearningRate.sum": {
            "value": 4.273643575455002e-05,
            "min": 4.273643575455002e-05,
            "max": 0.0002984566505144501,
            "count": 167
        },
        "CarnivoreBehavior.Policy.Epsilon.mean": {
            "value": 0.11424544999999998,
            "min": 0.11424544999999998,
            "max": 0.19948555000000007,
            "count": 167
        },
        "CarnivoreBehavior.Policy.Epsilon.sum": {
            "value": 0.11424544999999998,
            "min": 0.11424544999999998,
            "max": 0.19948555000000007,
            "count": 167
        },
        "CarnivoreBehavior.Policy.Beta.mean": {
            "value": 0.0007208479550000001,
            "min": 0.0007208479550000001,
            "max": 0.004974328944999999,
            "count": 167
        },
        "CarnivoreBehavior.Policy.Beta.sum": {
            "value": 0.0007208479550000001,
            "min": 0.0007208479550000001,
            "max": 0.004974328944999999,
            "count": 167
        },
        "MyBehavior.Losses.PolicyLoss.mean": {
            "value": 0.022942876431625337,
            "min": 0.015284564631171331,
            "max": 0.04062760559803185,
            "count": 167
        },
        "MyBehavior.Losses.PolicyLoss.sum": {
            "value": 0.022942876431625337,
            "min": 0.015284564631171331,
            "max": 0.04062760559803185,
            "count": 167
        },
        "MyBehavior.Losses.ValueLoss.mean": {
            "value": 15.35805721282959,
            "min": 1.0280775303641956,