{
    "name": "root",
    "gauges": {
        "CarnivoreBehavior.Policy.Entropy.mean": {
            "value": 1.4351990222930908,
            "min": 1.4189382791519165,
            "max": 1.4355156421661377,
            "count": 50
        },
        "CarnivoreBehavior.Policy.Entropy.sum": {
            "value": 13502.3525390625,
            "min": 1436.50830078125,
            "max": 30512.849609375,
            "count": 50
        },
        "CarnivoreBehavior.Environment.EpisodeLength.mean": {
            "value": 140.0,
            "min": 28.37962962962963,
            "max": 318.7688888888889,
            "count": 50
        },
        "CarnivoreBehavior.Environment.EpisodeLength.sum": {
            "value": 7700.0,
            "min": 219.0,
            "max": 71723.0,
            "count": 50
        },
        "CarnivoreBehavior.Step.mean": {
            "value": 499947.0,
            "min": 9957.0,
            "max": 499947.0,
            "count": 50
        },
        "CarnivoreBehavior.Step.sum": {
            "value": 499947.0,
            "min": 9957.0,
            "max": 499947.0,
            "count": 50
        },
        "CarnivoreBehavior.Policy.ExtrinsicValueEstimate.mean": {
            "value": 7.537966728210449,
            "min": -0.774241030216217,
            "max": 8.280914306640625,
            "count": 50
        },
        "CarnivoreBehavior.Policy.ExtrinsicValueEstimate.sum": {
            "value": 1402.061767578125,
            "min": -126.20128631591797,
            "max": 1639.62109375,
            "count": 50
        },
        "CarnivoreBehavior.Environment.CumulativeReward.mean": {
            "value": 21.363636363636363,
            "min": -11.822222222222223,
            "max": 50.0,
            "count": 50
        },
        "CarnivoreBehavior.Environment.CumulativeReward.sum": {
            "value": 1175.0,
            "min": -2660.0,
            "max": 2205.0,
            "count": 50
        },
        "CarnivoreBehavior.Policy.ExtrinsicReward.mean": {
            "value": 21.363636363636363,
            "min": -11.822222222222223,
            "max": 50.0,
            "count": 50
        },
        "CarnivoreBehavior.Policy.ExtrinsicReward.sum": {
            "value": 1175.0,
            "min": -2660.0,
            "max": 2205.0,
            "count": 50
        },
        "CarnivoreBehavior.IsTraining.mean": {
            "value": 1.0,
            "min": 1.0,
            "max": 1.0,
            "count": 50
        },
        "CarnivoreBehavior.IsTraining.sum": {
            "value": 1.0,
            "min": 1.0,
            "max": 1.0,
            "count": 50
        },
        "MyBehavior.Policy.Entropy.mean": {
            "value": 1.409434199333191,
            "min": 1.4092568159103394,
            "max": 1.4230440855026245,
            "count": 45
        },
        "MyBehavior.Policy.Entropy.sum": {
            "value": 13259.95703125,
            "min": 2854.212890625,
            "max": 30601.140625,
            "count": 45
        },
        "MyBehavior.Environment.EpisodeLength.mean": {
            "value": 180.1904761904762,
            "min": 21.622222222222224,
            "max": 430.72727272727275,
            "count": 45
        },
        "MyBehavior.Environment.EpisodeLength.sum": {
            "value": 7568.0,
            "min": 973.0,
            "max": 94760.0,
            "count": 45
        },
        "MyBehavior.Step.mean": {
            "value": 499953.0,
            "min": 9978.0,
            "max": 499953.0,
            "count": 50
        },
        "MyBehavior.Step.sum": {
            "value": 499953.0,
            "min": 9978.0,
            "max": 499953.0,
            "count": 50
        },
        "MyBehavior.Policy.ExtrinsicValueEstimate.mean": {
            "value": 17.472902297973633,
            "min": -0.40278390049934387,
            "max": 18.497446060180664,
            "count": 50
        },
        "MyBehavior.Policy.ExtrinsicValueEstimate.sum": {
            "value": 3127.6494140625,
            "min": -62.83428955078125,
            "max": 3353.46435546875,
            "count": 50
        },
        "MyBehavior.Environment.CumulativeReward.mean": {
            "value": 62.38095238095238,
            "min": -6.333333333333333,
            "max": 67.95081967213115,
            "count": 45
        },
        "MyBehavior.Environment.CumulativeReward.sum": {
            "value": 2620.0,
            "min": -95.0,
            "max": 5860.0,
            "count": 45
        },
        "MyBehavior.Policy.ExtrinsicReward.mean": {
            "value": 62.38095238095238,
            "min": -6.333333333333333,
            "max": 67.95081967213115,
            "count": 45
        },
        "MyBehavior.Policy.ExtrinsicReward.sum": {
            "value": 2620.0,
            "min": -95.0,
            "max": 5860.0,
            "count": 45
        },
        "MyBehavior.IsTraining.mean": {
            "value": 1.0,
            "min": 1.0,
            "max": 1.0,
            "count": 50
        },
        "MyBehavior.IsTraining.sum": {
            "value": 1.0,
            "min": 1.0,
            "max": 1.0,
            "count": 50
        },
        "CarnivoreBehavior.Losses.PolicyLoss.mean": {
            "value": 0.02387986081497123,
            "min": 0.017237233808070112,
            "max": 0.030649956300233802,
            "count": 44
        },
        "CarnivoreBehavior.Losses.PolicyLoss.sum": {
            "value": 0.02387986081497123,
            "min": 0.017237233808070112,
            "max": 0.030649956300233802,
            "count": 44
        },
        "CarnivoreBehavior.Losses.ValueLoss.mean": {
            "value": 54.12205874125163,
            "min": 6.89058069785436,
            "max": 97.82760696411133,
            "count": 44
        },
        "CarnivoreBehavior.Losses.ValueLoss.sum": {
            "value": 54.12205874125163,
            "min": 6.89058069785436,
            "max": 97.82760696411133,
            "count": 44
        },
        "CarnivoreBehavior.Policy.LearningRate.mean": {
            "value": 3.8322987225999856e-06,
            "min": 3.8322987225999856e-06,
            "max": 0.0002886114037962,
            "count": 44
        },
        "CarnivoreBehavior.Policy.LearningRate.sum": {
            "value": 3.8322987225999856e-06,
            "min": 3.8322987225999856e-06,
            "max": 0.0002886114037962,
            "count": 44
        },
        "CarnivoreBehavior.Policy.Epsilon.mean": {
            "value": 0.10127739999999998,
            "min": 0.10127739999999998,
            "max": 0.19620379999999993,
            "count": 44
        },
        "CarnivoreBehavior.Policy.Epsilon.sum": {
            "value": 0.10127739999999998,
            "min": 0.10127739999999998,
            "max": 0.19620379999999993,
            "count": 44
        },
        "CarnivoreBehavior.Policy.Beta.mean": {
            "value": 7.374225999999976e-05,
            "min": 7.374225999999976e-05,
            "max": 0.00481056962,
            "count": 44
        },
        "CarnivoreBehavior.Policy.Beta.sum": {
            "value": 7.374225999999976e-05,
            "min": 7.374225999999976e-05,
            "max": 0.00481056962,
            "count": 44
        },
        "MyBehavior.Losses.PolicyLoss.mean": {
            "value": 0.02056308745717009,
            "min": 0.01856774378635843,
            "max": 0.029859476967249065,
            "count": 40
        },
        "MyBehavior.Losses.PolicyLoss.sum": {
            "value": 0.02056308745717009,
            "min": 0.01856774378635843,
            "max": 0.029859476967249065,
            "count": 40
        },
        "MyBehavior.Losses.ValueLoss.mean": {
            "value": 84.99208170572916,
            "min": 7.23225117524465,
            "max": 113.68561681111653,
            "count": 40
        },
        "MyBehavior.Losses.ValueLoss.sum": {
            "value": 84.99208170572916,