{
    "name": "root",
    "metadata": {
        "timer_format_version": "0.1.0",
        "start_time_seconds": "1736156516",
        "python_version": "3.10.12 (main, Jul  5 2023, 15:34:07) [Clang 14.0.6 ]",
        "command_line_arguments": "/Users/luis/opt/anaconda3/envs/mlagents/bin/mlagents-learn --run-id=RayPerception3",
        "mlagents_version": "1.1.0",
        "mlagents_envs_version": "1.1.0",
        "communication_protocol_version": "1.5.0",
        "pytorch_version": "2.2.2",
        "numpy_version": "1.23.5",
        "end_time_seconds": "1736156758"
    },
    "total": 241.77181279100478,
    "count": 1,
    "self": 0.008351498050615191,
    "children": {
        "run_training.setup": {
            "total": 0.060064208926633,
            "count": 1,
            "self": 0.060064208926633
        },
        "TrainerController.start_learning": {
            "total": 241.70339708402753,
            "count": 1,
            "self": 0.02403474715538323,
            "children": {
                "TrainerController._reset_env": {
                    "total": 17.708835707977414,
                    "count": 1,
                    "self": 17.708835707977414
                },
                "TrainerController.advance": {
                    "total": 223.52727562887594,
                    "count": 1313,
                    "self": 0.022377551766112447,
                    "children": {
                        "env_step": {
                            "total": 215.76847769564483,
                            "count": 1313,
                            "self": 213.38041120255366,
                            "children": {
                                "SubprocessEnvManager._take_step": {
                                    "total": 2.3719743500696495,
                                    "count": 1313,
                                    "self": 0.07104257354512811,
                                    "children": {
                                        "TorchPolicy.evaluate": {
                                            "total": 2.3009317765245214,
                                            "count": 1294,
                                            "self": 2.3009317765245214
                                        }
                                    }
                                },
                                "workers": {
                                    "total": 0.016092143021523952,
                                    "count": 1312,
                                    "self": 0.0,
                                    "children": {
                                        "worker_root": {
                                            "total": 101.7485117027536,
                                            "count": 1312,
                                            "is_parallel": true,
                                            "self": 14.331360622076318,
                                            "children": {
                                                "steps_from_proto": {
                                                    "total": 0.06710970809217542,
                                                    "count": 1,
                                                    "is_parallel": true,
                                                    "self": 0.018795125070028007,
                                                    "children": {
                                                        "_process_rank_one_or_two_observation": {
                                                            "total": 0.04831458302214742,
                                                            "count": 4,
                                                            "is_parallel": true,
                                                            "self": 0.04831458302214742
                                                        }
                                                    }
                                                },
                                                "UnityEnvironment.step": {
                                                    "total": 87.35004137258511,
                                                    "count": 1312,
                                                    "is_parallel": true,
                                                    "self": 0.13258985988795757,
                                                    "children": {
                                                        "UnityEnvironment._generate_step_input": {
                                                            "total": 1.1958885735366493,
                                                            "count": 1312,
                                                            "is_parallel": true,
                                                            "self": 1.1958885735366493
                                                        },
                                                        "communicator.exchange": {
                                                            "total": 85.217493928154,
                                                            "count": 1312,
                                                            "is_parallel": true,
                                                            "self": 85.217493928154
                                                        },
                                                        "steps_from_proto": {
                                                            "total": 0.8040690110065043,
                                                            "count": 1312,
                                                            "is_parallel": true,
                                                            "self": 0.26898655225522816,
                                                            "children": {
                                                                "_process_rank_one_or_two_observation": {
                                                                    "total": 0.5350824587512761,
                                                                    "count": 5248,
                                                                    "is_parallel": true,
                                                                    "self": 0.5350824587512761
                                                                }
                                                            }
                                                        }
                                                    }
                                                }
                                            }
                                        }
                                    }
                                }
                            }
                        },
                        "trainer_advance": {
                            "total": 7.736420381464995,
                            "count": 1312,
                            "self": 0.03438984300009906,
                            "children": {
                                "process_trajectory": {
                                    "total": 2.3659697053954005,
                                    "count": 1312,
                                    "self": 2.3659697053954005
                                },
                                "_update_policy": {
                                    "total": 5.336060833069496,
                                    "count": 3,
                                    "self": 3.2509298380464315,
                                    "children": {
                                        "TorchPPOOptimizer.update": {
                                            "total": 2.0851309950230643,
                                            "count": 90,