{
    "name": "root",
    "gauges": {
        "CarnivoreBehavior.Policy.Entropy.mean": {
            "value": 1.4608341455459595,
            "min": 1.4189382791519165,
            "max": 1.4632632732391357,
            "count": 24
        },
        "CarnivoreBehavior.Policy.Entropy.sum": {
            "value": 14571.8203125,
            "min": 13777.265625,
            "max": 15892.109375,
            "count": 24
        },
        "CarnivoreBehavior.Environment.EpisodeLength.mean": {
            "value": 230.775,
            "min": 175.375,
            "max": 432.40909090909093,
            "count": 24
        },
        "CarnivoreBehavior.Environment.EpisodeLength.sum": {
            "value": 9231.0,
            "min": 1403.0,
            "max": 11760.0,
            "count": 24
        },
        "CarnivoreBehavior.Step.mean": {
            "value": 239999.0,
            "min": 9987.0,
            "max": 239999.0,
            "count": 24
        },
        "CarnivoreBehavior.Step.sum": {
            "value": 239999.0,
            "min": 9987.0,
            "max": 239999.0,
            "count": 24
        },
        "CarnivoreBehavior.Policy.ExtrinsicValueEstimate.mean": {
            "value": -0.6123508214950562,
            "min": -1.4747573137283325,
            "max": 0.2856122851371765,
            "count": 24
        },
        "CarnivoreBehavior.Policy.ExtrinsicValueEstimate.sum": {
            "value": -108.38609313964844,
            "min": -259.5572814941406,
            "max": 45.697967529296875,
            "count": 24
        },
        "CarnivoreBehavior.Environment.CumulativeReward.mean": {
            "value": -4.146341463414634,
            "min": -13.636363636363637,
            "max": 0.0,
            "count": 24
        },
        "CarnivoreBehavior.Environment.CumulativeReward.sum": {
            "value": -170.0,
            "min": -350.0,
            "max": 0.0,
            "count": 24
        },
        "CarnivoreBehavior.Policy.ExtrinsicReward.mean": {
            "value": -4.146341463414634,
            "min": -13.636363636363637,
            "max": 0.0,
            "count": 24
        },
        "CarnivoreBehavior.Policy.ExtrinsicReward.sum": {
            "value": -170.0,
            "min": -350.0,
            "max": 0.0,
            "count": 24
        },
        "CarnivoreBehavior.IsTraining.mean": {
            "value": 1.0,
            "min": 1.0,
            "max": 1.0,
            "count": 24
        },
        "CarnivoreBehavior.IsTraining.sum": {
            "value": 1.0,
            "min": 1.0,
            "max": 1.0,
            "count": 24
        },
        "MyBehavior.Policy.Entropy.mean": {
            "value": 1.4266178607940674,
            "min": 1.4185006618499756,
            "max": 1.4338467121124268,
            "count": 24
        },
        "MyBehavior.Policy.Entropy.sum": {
            "value": 14230.513671875,
            "min": 13702.51953125,
            "max": 15892.109375,
            "count": 24
        },
        "MyBehavior.Environment.EpisodeLength.mean": {
            "value": 237.56410256410257,
            "min": 151.16666666666666,
            "max": 442.77777777777777,
            "count": 24
        },
        "MyBehavior.Environment.EpisodeLength.sum": {
            "value": 9265.0,
            "min": 907.0,
            "max": 12202.0,
            "count": 24
        },
        "MyBehavior.Step.mean": {
            "value": 239994.0,
            "min": 9937.0,
            "max": 239994.0,
            "count": 24
        },
        "MyBehavior.Step.sum": {
            "value": 239994.0,
            "min": 9937.0,
            "max": 239994.0,
            "count": 24
        },
        "MyBehavior.Policy.ExtrinsicValueEstimate.mean": {
            "value": 16.26286506652832,
            "min": 0.06415950506925583,
            "max": 16.26286506652832,
            "count": 24
        },
        "MyBehavior.Policy.ExtrinsicValueEstimate.sum": {
            "value": 2862.26416015625,
            "min": 11.612870216369629,
            "max": 2862.26416015625,
            "count": 24
        },
        "MyBehavior.Environment.CumulativeReward.mean": {
            "value": 82.94871794871794,
            "min": -10.357142857142858,
            "max": 85.28571428571429,
            "count": 24
        },
        "MyBehavior.Environment.CumulativeReward.sum": {
            "value": 3235.0,
            "min": -290.0,
            "max": 3235.0,
            "count": 24
        },
        "MyBehavior.Policy.ExtrinsicReward.mean": {
            "value": 82.94871794871794,
            "min": -10.357142857142858,
            "max": 85.28571428571429,
            "count": 24
        },
        "MyBehavior.Policy.ExtrinsicReward.sum": {
            "value": 3235.0,
            "min": -290.0,
            "max": 3235.0,
            "count": 24
        },
        "MyBehavior.IsTraining.mean": {
            "value": 1.0,
            "min": 1.0,
            "max": 1.0,
            "count": 24
        },
        "MyBehavior.IsTraining.sum": {
            "value": 1.0,
            "min": 1.0,
            "max": 1.0,
            "count": 24
        },
        "CarnivoreBehavior.Losses.PolicyLoss.mean": {
            "value": 0.025669450173154473,
            "min": 0.016665975442447235,
            "max": 0.042324312155445416,
            "count": 23
        },
        "CarnivoreBehavior.Losses.PolicyLoss.sum": {
            "value": 0.025669450173154473,
            "min": 0.016665975442447235,
            "max": 0.042324312155445416,
            "count": 23
        },
        "CarnivoreBehavior.Losses.ValueLoss.mean": {
            "value": 1.1912124574184417,
            "min": 0.5243871902426084,
            "max": 3.7773386240005493,
            "count": 23
        },
        "CarnivoreBehavior.Losses.ValueLoss.sum": {
            "value": 1.1912124574184417,
            "min": 0.5243871902426084,
            "max": 3.7773386240005493,
            "count": 23
        },
        "CarnivoreBehavior.Policy.LearningRate.mean": {
            "value": 0.0002640598619800501,
            "min": 0.0002640598619800501,
            "max": 0.00029834835055055005,
            "count": 23
        },
        "CarnivoreBehavior.Policy.LearningRate.sum": {
            "value": 0.0002640598619800501,
            "min": 0.0002640598619800501,
            "max": 0.00029834835055055005,
            "count": 23
        },
        "CarnivoreBehavior.Policy.Epsilon.mean": {
            "value": 0.18801995000000005,
            "min": 0.18801995000000005,
            "max": 0.19944945000000006,
            "count": 23
        },
        "CarnivoreBehavior.Policy.Epsilon.sum": {
            "value": 0.18801995000000005,
            "min": 0.18801995000000005,
            "max": 0.19944945000000006,
            "count": 23
        },
        "CarnivoreBehavior.Policy.Beta.mean": {
            "value": 0.004402195505,
            "min": 0.004402195505,
            "max": 0.004972527554999999,
            "count": 23
        },
        "CarnivoreBehavior.Policy.Beta.sum": {
            "value": 0.004402195505,
            "min": 0.004402195505,
            "max": 0.004972527554999999,
            "count": 23
        },
        "MyBehavior.Losses.PolicyLoss.mean": {
            "value": 0.02569987444051852,
            "min": 0.016252307580240693,
            "max": 0.028776243405688243,
            "count": 22
        },
        "MyBehavior.Losses.PolicyLoss.sum": {
            "value": 0.02569987444051852,
            "min": 0.016252307580240693,
            "max": 0.028776243405688243,
            "count": 22
        },
        "MyBehavior.Losses.ValueLoss.mean": {
            "value": 52.73310063680013,
            "min": 2.9401575128237405,
            "max": 57.97164751688639,
            "count": 22
        },
        "MyBehavior.Losses.ValueLoss.sum": {
            "value": 52.73310063680013,