{
    "name": "root",
    "gauges": {
        "CarnivoreBehavior.Policy.Entropy.mean": {
            "value": 1.446580410003662,
            "min": 1.4189382791519165,
            "max": 1.4475715160369873,
            "count": 50
        },
        "CarnivoreBehavior.Policy.Entropy.sum": {
            "value": 14610.4619140625,
            "min": 13722.8154296875,
            "max": 15892.109375,
            "count": 50
        },
        "CarnivoreBehavior.Step.mean": {
            "value": 499978.0,
            "min": 9940.0,
            "max": 499978.0,
            "count": 50
        },
        "CarnivoreBehavior.Step.sum": {
            "value": 499978.0,
            "min": 9940.0,
            "max": 499978.0,
            "count": 50
        },
        "CarnivoreBehavior.Policy.ExtrinsicValueEstimate.mean": {
            "value": -0.6964433193206787,
            "min": -3.757667064666748,
            "max": 0.5640887022018433,
            "count": 50
        },
        "CarnivoreBehavior.Policy.ExtrinsicValueEstimate.sum": {
            "value": -135.11000061035156,
            "min": -687.653076171875,
            "max": 98.71552276611328,
            "count": 50
        },
        "CarnivoreBehavior.Environment.EpisodeLength.mean": {
            "value": 136.13888888888889,
            "min": 136.13888888888889,
            "max": 398.88,
            "count": 50
        },
        "CarnivoreBehavior.Environment.EpisodeLength.sum": {
            "value": 9802.0,
            "min": 1994.0,
            "max": 12182.0,
            "count": 50
        },
        "CarnivoreBehavior.Environment.CumulativeReward.mean": {
            "value": 1.5492957746478873,
            "min": -11.2,
            "max": 6.724137931034483,
            "count": 50
        },
        "CarnivoreBehavior.Environment.CumulativeReward.sum": {
            "value": 110.0,
            "min": -360.0,
            "max": 195.0,
            "count": 50
        },
        "CarnivoreBehavior.Policy.ExtrinsicReward.mean": {
            "value": 1.5492957746478873,
            "min": -11.2,
            "max": 6.724137931034483,
            "count": 50
        },
        "CarnivoreBehavior.Policy.ExtrinsicReward.sum": {
            "value": 110.0,
            "min": -360.0,
            "max": 195.0,
            "count": 50
        },
        "CarnivoreBehavior.IsTraining.mean": {
            "value": 1.0,
            "min": 1.0,
            "max": 1.0,
            "count": 50
        },
        "CarnivoreBehavior.IsTraining.sum": {
            "value": 1.0,
            "min": 1.0,
            "max": 1.0,
            "count": 50
        },
        "MyBehavior.Policy.Entropy.mean": {
            "value": 1.4052414894104004,
            "min": 1.405239462852478,
            "max": 1.424734115600586,
            "count": 50
        },
        "MyBehavior.Policy.Entropy.sum": {
            "value": 14192.9384765625,
            "min": 13599.208984375,
            "max": 15892.109375,
            "count": 50
        },
        "MyBehavior.Step.mean": {
            "value": 499978.0,
            "min": 9942.0,
            "max": 499978.0,
            "count": 50
        },
        "MyBehavior.Step.sum": {
            "value": 499978.0,
            "min": 9942.0,
            "max": 499978.0,
            "count": 50
        },
        "MyBehavior.Policy.ExtrinsicValueEstimate.mean": {
            "value": 39.83876037597656,
            "min": -0.1855240911245346,
            "max": 39.83876037597656,
            "count": 50
        },
        "MyBehavior.Policy.ExtrinsicValueEstimate.sum": {
            "value": 7728.71923828125,
            "min": -32.837764739990234,
            "max": 7728.71923828125,
            "count": 50
        },
        "MyBehavior.Environment.EpisodeLength.mean": {
            "value": 136.13888888888889,
            "min": 136.13888888888889,
            "max": 415.5416666666667,
            "count": 50
        },
        "MyBehavior.Environment.EpisodeLength.sum": {
            "value": 9802.0,
            "min": 1552.0,
            "max": 12085.0,
            "count": 50
        },
        "MyBehavior.Environment.CumulativeReward.mean": {
            "value": 100.63380281690141,
            "min": -10.0,
            "max": 121.07843137254902,
            "count": 50
        },
        "MyBehavior.Environment.CumulativeReward.sum": {
            "value": 7145.0,
            "min": -220.0,
            "max": 7145.0,
            "count": 50
        },
        "MyBehavior.Policy.ExtrinsicReward.mean": {
            "value": 100.63380281690141,
            "min": -10.0,
            "max": 121.07843137254902,
            "count": 50
        },
        "MyBehavior.Policy.ExtrinsicReward.sum": {
            "value": 7145.0,
            "min": -220.0,
            "max": 7145.0,
            "count": 50
        },
        "MyBehavior.IsTraining.mean": {
            "value": 1.0,
            "min": 1.0,
            "max": 1.0,
            "count": 50
        },
        "MyBehavior.IsTraining.sum": {
            "value": 1.0,
            "min": 1.0,
            "max": 1.0,
            "count": 50
        },
        "CarnivoreBehavior.Losses.PolicyLoss.mean": {
            "value": 0.024492757868332167,
            "min": 0.017674053323935367,
            "max": 0.03539695289606849,
            "count": 48
        },
        "CarnivoreBehavior.Losses.PolicyLoss.sum": {
            "value": 0.024492757868332167,
            "min": 0.017674053323935367,
            "max": 0.03539695289606849,
            "count": 48
        },
        "CarnivoreBehavior.Losses.ValueLoss.mean": {
            "value": 11.423977947235107,
            "min": 0.4927718460559845,
            "max": 16.974016443888345,
            "count": 48
        },
        "CarnivoreBehavior.Losses.ValueLoss.sum": {
            "value": 11.423977947235107,
            "min": 0.4927718460559845,
            "max": 16.974016443888345,
            "count": 48
        },
        "CarnivoreBehavior.Policy.LearningRate.mean": {
            "value": 3.346898884400015e-06,
            "min": 3.346898884400015e-06,
            "max": 0.00029342160219279995,
            "count": 48
        },
        "CarnivoreBehavior.Policy.LearningRate.sum": {
            "value": 3.346898884400015e-06,
            "min": 3.346898884400015e-06,
            "max": 0.00029342160219279995,
            "count": 48
        },
        "CarnivoreBehavior.Policy.Epsilon.mean": {
            "value": 0.1011156,
            "min": 0.1011156,
            "max": 0.1978072,
            "count": 48
        },
        "CarnivoreBehavior.Policy.Epsilon.sum": {
            "value": 0.1011156,
            "min": 0.1011156,
            "max": 0.1978072,
            "count": 48
        },
        "CarnivoreBehavior.Policy.Beta.mean": {
            "value": 6.566844000000028e-05,
            "min": 6.566844000000028e-05,
            "max": 0.0048905792800000005,
            "count": 48
        },
        "CarnivoreBehavior.Policy.Beta.sum": {
            "value": 6.566844000000028e-05,
            "min": 6.566844000000028e-05,
            "max": 0.0048905792800000005,
            "count": 48
        },
        "MyBehavior.Losses.PolicyLoss.mean": {
            "value": 0.01867118498388057,
            "min": 0.015928538006482994,
            "max": 0.03101824075759699,
            "count": 48
        },
        "MyBehavior.Losses.PolicyLoss.sum": {
            "value": 0.01867118498388057,
            "min": 0.015928538006482994,
            "max": 0.03101824075759699,
            "count": 48
        },
        "MyBehavior.Losses.ValueLoss.mean": {
            "value": 153.9063690185547,
            "min": 3.1908741633097333,
            "max": 744.3337430318196,
            "count": 48
        },
        "MyBehavior.Losses.ValueLoss.sum": {
            "value": 153.9063690185547,
            "min": 3.1908741633097333,