{
    "name": "root",
    "gauges": {
        "MyBehavior.Policy.Entropy.mean": {
            "value": 1.423230528831482,
            "min": 1.4189382791519165,
            "max": 1.423230528831482,
            "count": 3
        },
        "MyBehavior.Policy.Entropy.sum": {
            "value": 30605.1484375,
            "min": 30512.849609375,
            "max": 30605.1484375,
            "count": 3
        },
        "MyBehavior.Environment.EpisodeLength.mean": {
            "value": 138.85,
            "min": 17.11764705882353,
            "max": 138.85,
            "count": 3
        },
        "MyBehavior.Environment.EpisodeLength.sum": {
            "value": 2777.0,
            "min": 582.0,
            "max": 2777.0,
            "count": 3
        },
        "MyBehavior.Step.mean": {
            "value": 59966.0,
            "min": 9960.0,
            "max": 59966.0,
            "count": 6
        },
        "MyBehavior.Step.sum": {
            "value": 59966.0,
            "min": 9960.0,
            "max": 59966.0,
            "count": 6
        },
        "MyBehavior.Policy.ExtrinsicValueEstimate.mean": {
            "value": 0.5878908038139343,
            "min": -0.1336018294095993,
            "max": 0.5878908038139343,
            "count": 6
        },
        "MyBehavior.Policy.ExtrinsicValueEstimate.sum": {
            "value": 91.71096801757812,
            "min": -20.84188461303711,
            "max": 92.78916931152344,
            "count": 6
        },
        "MyBehavior.Environment.CumulativeReward.mean": {
            "value": -4.5,
            "min": -12.272727272727273,
            "max": -2.6470588235294117,
            "count": 3
        },
        "MyBehavior.Environment.CumulativeReward.sum": {
            "value": -90.0,
            "min": -135.0,
            "max": -90.0,
            "count": 3
        },
        "MyBehavior.Policy.ExtrinsicReward.mean": {
            "value": -4.5,
            "min": -12.272727272727273,
            "max": -2.6470588235294117,
            "count": 3
        },
        "MyBehavior.Policy.ExtrinsicReward.sum": {
            "value": -90.0,
            "min": -135.0,
            "max": -90.0,
            "count": 3
        },
        "MyBehavior.IsTraining.mean": {
            "value": 1.0,
            "min": 1.0,
            "max": 1.0,
            "count": 6
        },
        "MyBehavior.IsTraining.sum": {
            "value": 1.0,
            "min": 1.0,
            "max": 1.0,
            "count": 6
        },
        "CarnivoreBehavior.Policy.Entropy.mean": {
            "value": 1.4339234828948975,
            "min": 1.4189382791519165,
            "max": 1.4339234828948975,
            "count": 6
        },
        "CarnivoreBehavior.Policy.Entropy.sum": {
            "value": 481.7983093261719,
            "min": 477.8415222167969,
            "max": 30512.849609375,
            "count": 6
        },
        "CarnivoreBehavior.Environment.EpisodeLength.mean": {
            "value": 118.3,
            "min": 26.294117647058822,
            "max": 118.3,
            "count": 4
        },
        "CarnivoreBehavior.Environment.EpisodeLength.sum": {
            "value": 5915.0,
            "min": 128.0,
            "max": 5915.0,
            "count": 4
        },
        "CarnivoreBehavior.Step.mean": {
            "value": 59956.0,
            "min": 9984.0,
            "max": 59956.0,
            "count": 6
        },
        "CarnivoreBehavior.Step.sum": {
            "value": 59956.0,
            "min": 9984.0,
            "max": 59956.0,
            "count": 6
        },
        "CarnivoreBehavior.Policy.ExtrinsicValueEstimate.mean": {
            "value": -0.2138492316007614,
            "min": -0.39680638909339905,
            "max": 0.041060566902160645,
            "count": 6
        },
        "CarnivoreBehavior.Policy.ExtrinsicValueEstimate.sum": {
            "value": -33.36048126220703,
            "min": -72.61557006835938,
            "max": 8.006810188293457,
            "count": 6
        },
        "CarnivoreBehavior.Environment.CumulativeReward.mean": {
            "value": 1.0,
            "min": -15.0,
            "max": 14.338235294117647,
            "count": 4
        },
        "CarnivoreBehavior.Environment.CumulativeReward.sum": {
            "value": 50.0,
            "min": -245.0,
            "max": 975.0,
            "count": 4
        },
        "CarnivoreBehavior.Policy.ExtrinsicReward.mean": {
            "value": 1.0,
            "min": -15.0,
            "max": 14.338235294117647,
            "count": 4
        },
        "CarnivoreBehavior.Policy.ExtrinsicReward.sum": {
            "value": 50.0,
            "min": -245.0,
            "max": 975.0,
            "count": 4
        },
        "CarnivoreBehavior.IsTraining.mean": {
            "value": 1.0,
            "min": 1.0,
            "max": 1.0,
            "count": 6
        },
        "CarnivoreBehavior.IsTraining.sum": {
            "value": 1.0,
            "min": 1.0,
            "max": 1.0,
            "count": 6
        },
        "CarnivoreBehavior.Losses.PolicyLoss.mean": {
            "value": 0.024679075891821924,
            "min": 0.024679075891821924,
            "max": 0.026039355099017388,
            "count": 3
        },
        "CarnivoreBehavior.Losses.PolicyLoss.sum": {
            "value": 0.024679075891821924,
            "min": 0.024679075891821924,
            "max": 0.026039355099017388,
            "count": 3
        },
        "CarnivoreBehavior.Losses.ValueLoss.mean": {
            "value": 10.94675084164268,
            "min": 8.602866013844809,
            "max": 17.970455972771894,
            "count": 3
        },
        "CarnivoreBehavior.Losses.ValueLoss.sum": {
            "value": 10.94675084164268,
            "min": 8.602866013844809,
            "max": 17.970455972771894,
            "count": 3
        },
        "CarnivoreBehavior.Policy.LearningRate.mean": {
            "value": 0.0004400440119911999,
            "min": 0.0004400440119911999,
            "max": 0.0004805440038912,
            "count": 3
        },
        "CarnivoreBehavior.Policy.LearningRate.sum": {
            "value": 0.0004400440119911999,
            "min": 0.0004400440119911999,
            "max": 0.0004805440038912,
            "count": 3
        },
        "CarnivoreBehavior.Policy.Epsilon.mean": {
            "value": 0.1880088,
            "min": 0.1880088,
            "max": 0.1961088,
            "count": 3
        },
        "CarnivoreBehavior.Policy.Epsilon.sum": {
            "value": 0.1880088,
            "min": 0.1880088,
            "max": 0.1961088,
            "count": 3
        },
        "CarnivoreBehavior.Policy.Beta.mean": {
            "value": 0.00880207912,
            "min": 0.00880207912,
            "max": 0.00961126912,
            "count": 3
        },
        "CarnivoreBehavior.Policy.Beta.sum": {
            "value": 0.00880207912,
            "min": 0.00880207912,
            "max": 0.00961126912,
            "count": 3
        },
        "MyBehavior.Losses.PolicyLoss.mean": {
            "value": 0.0222495037674283,
            "min": 0.0222495037674283,
            "max": 0.027355598883188673,
            "count": 2
        },
        "MyBehavior.Losses.PolicyLoss.sum": {
            "value": 0.0222495037674283,
            "min": 0.0222495037674283,
            "max": 0.027355598883188673,
            "count": 2
        },
        "MyBehavior.Losses.ValueLoss.mean": {
            "value": 5.102597721417745,
            "min": 5.102597721417745,
            "max": 16.292905840957374,
            "count": 2
        },
        "MyBehavior.Losses.ValueLoss.sum": {
            "value": 5.102597721417745,
            "min": 5.102597721417745,
            "max": 16.292905840957374,
            "count": 2
        },
        "MyBehavior.Policy.LearningRate.mean": {
            "value": 0.00027529860823379996,
            "min": 0.00027529860823379996,